"Formula","Name","DHVap 25C"
"AgBr","Silver(I) bromide",
"AgCl","Silver(I) chloride",
"AgI","Silver(I) iodide",
"Al","Aluminum",
"AlB3H12","Aluminum borohydride",
"AlBr3","Aluminum tribromide",
"AlI3","Aluminum triiodide",
"Ar","Argon",
"AsBr3","Arsenic(III) bromide",
"AsCl3","Arsenic(III) chloride",
"AsF3","Arsenic(III) fluoride",
"AsF5","Arsenic(V) fluoride",
"AsH3","Arsine",
"AsI3","Arsenic(III) iodide",
"Au","Gold",
"B","Boron",
"BBr3","Boron tribromide",23.1
"BCl3","Boron trichloride",
"BF3","Boron trifluoride",
"BI3","Boron triiodide",
"B2F4","Tetrafluorodiborane",
"B2H6","Diborane",
"B4H10","Tetraborane",
"B5H11","Pentaborane(11)",
"Ba","Barium",
"BeCl2","Beryllium chloride",
"BeI2","Beryllium iodide",
"Bi","Bismuth",
"BiBr3","Bismuth tribromide",
"BiCl3","Bismuth trichloride",
"BrF","Bromine fluoride",
"BrF3","Bromine trifluoride",
"BrF5","Bromine pentafluoride",
"BrH","Hydrogen bromide",12.69
"BrH3Si","Bromosilane",
"BrIn","Indium(I) bromide",
"BrTl","Thallium(I) bromide",
"Br2","Bromine",30.91
"Br2Cd","Cadmium bromide",
"Br2H2Si","Dibromosilane",
"Br2Hg","Mercury(II) bromide",
"Br2Pb","Lead(II) bromide",
"Br2Sn","Tin(II) bromide",
"Br2Zn","Zinc bromide",
"Br3Ga","Gallium(III) bromide",
"Br3HSi","Tribromosilane",
"Br3OP","Phosphorus(V) oxybromide",
"Br3P","Phosphorus(III) bromide",
"Br3Sb","Antimony(III) bromide",
"Br4Ge","Germanium(IV) bromide",
"Br4Si","Tetrabromosilane",
"Br4Sn","Tin(IV) bromide",
"Br4Ti","Titanium(IV) bromide",
"Br5Ta","Tantalum(V) bromide",
"Cd","Cadmium",
"CdCl2","Cadmium chloride",
"CdF2","Cadmium fluoride",
"CdI2","Cadmium iodide",
"ClF","Chlorine fluoride",
"ClFO3","Perchloryl fluoride",
"ClF2P","Phosphorus(III) chloride difluoride",
"ClF3","Chlorine trifluoride",
"ClF3Si","Chlorotrifluorosilane",
"ClH","Hydrogen chloride",9.08
"ClH3Si","Chlorosilane",
"ClNO","Nitrosyl chloride",
"ClNO2","Nitryl chloride",
"ClO2","Chlorine dioxide",
"ClTl","Thallium(I) chloride",
"Cl2","Chlorine",17.65
"Cl2Cr","Chromium(II) chloride",
"Cl2CrO2","Chromyl chloride",
"Cl2FP","Phosphorus(III) dichloride fluoride",
"Cl2F2Si","Dichlorodifluorosilane",
"Cl2H2Si","Dichlorosilane",
"Cl2Hg","Mercury(II) chloride",
"Cl2O","Chlorine monoxide",
"Cl2OS","Thionyl chloride",
"Cl2O2S","Sulfuryl chloride",
"Cl2Pb","Lead(II) chloride",
"Cl2Sn","Tin(II) chloride",
"Cl2Ti","Titanium(II) chloride",
"Cl2Zn","Zinc chloride",
"Cl3Ga","Gallium(III) chloride",
"Cl3HSi","Trichlorosilane",
"Cl3OP","Phosphorus(V) oxychloride",
"Cl3OV","Vanadyl trichloride",
"Cl3P","Phosphorus(III) chloride",
"Cl3Sb","Antimony(III) chloride",
"Cl3Ti","Titanium(III) chloride",
"Cl4Ge","Germanium(IV) chloride",
"Cl4OW","Tungsten(VI) oxytetrachloride",
"Cl4Si","Tetrachlorosilane",
"Cl4Sn","Tin(IV) chloride",
"Cl4Te","Tellurium tetrachloride",
"Cl4Th","Thorium(IV) chloride",
"Cl4Ti","Titanium(IV) chloride",
"Cl4V","Vanadium(IV) chloride",
"Cl5Mo","Molybdenum(V) chloride",
"Cl5Nb","Niobium(V) chloride",
"Cl5Ta","Tantalum(V) chloride",
"Cl6W","Tungsten(VI) chloride",
"FH3Si","Fluorosilane",
"FLi","Lithium fluoride",
"FNO","Nitrosyl fluoride",
"FNO2","Nitryl fluoride",
"FNS","Thionitrosyl fluoride (NSF)",
"F2","Fluorine",
"F2H2Si","Difluorosilane",
"F2O","Fluorine monoxide",
"F2OS","Thionyl fluoride",
"F2O2","Fluorine dioxide",
"F2Pb","Lead(II) fluoride",
"F2Zn","Zinc fluoride",
"F3HSi","Trifluorosilane",
"F3N","Nitrogen trifluoride",
"F3O2Re","Rhenium(VII) dioxytrifluoride",
"F3P","Phosphorus(III) fluoride",
"F3PS","Phosphorus(V) sulfide trifluoride",
"F4MoO","Molybdenum(VI) oxytetrafluoride",
"F4N2","Tetrafluorohydrazine",
"F4ORe","Rhenium(VI) oxytetrafluoride",
"F4OW","Tungsten(VI) oxytetrafluoride",
"F4S","Sulfur tetrafluoride",
"F4Se","Selenium tetrafluoride",
"F4Th","Thorium(IV) fluoride",
"F5I","Iodine pentafluoride",
"F5Mo","Molybdenum(V) fluoride",
"F5Nb","Niobium(V) fluoride",
"F5Os","Osmium(V) fluoride",
"F5P","Phosphorus(V) fluoride",
"F5Re","Rhenium(V) fluoride",
"F5Ta","Tantalum(V) fluoride",
"F5V","Vanadium(V) fluoride",
"F6Ir","Iridium(VI) fluoride",
"F6Mo","Molybdenum(VI) fluoride",
"F6Os","Osmium(VI) fluoride",
"F6Re","Rhenium(VI) fluoride",
"F6S","Sulfur hexafluoride",
"F6W","Tungsten(VI) fluoride",
"Ga","Gallium",
"GaI3","Gallium(III) iodide",
"Ge","Germanium",
"GeH4","Germane",
"Ge2H6","Digermane",
"Ge3H8","Trigermane",
"HI","Hydrogen iodide",
"HLiO","Lithium hydroxide",
"HNO3","Nitric acid",
"HN3","Hydrazoic acid",
"HNaO","Sodium hydroxide",
"H2","Hydrogen",
"H2O","Water",
"H2O2","Hydrogen peroxide",
"H2S","Hydrogen sulfide",
"H2S2","Hydrogen disulfide",
"H2Se","Hydrogen selenide",
"H2Te","Hydrogen telluride",
"H3N","Ammonia",
"H3P","Phosphine",
"H3Sb","Stibine",
"H4N2","Hydrazine",
"H4P2","Diphosphine",
"H4Si","Silane",
"H4Sn","Stannane",
"H6Si2","Disilane",
"H8Si3","Trisilane",
"He","Helium",
"Hg","Mercury",
"HgI2","Mercury(II) iodide",
"IIn","Indium(I) iodide",
"ITl","Thallium(I) iodide",
"I2","Iodine",
"I2Pb","Lead(II) iodide",
"I2Sn","Tin(II) iodide",
"I3P","Phosphorus(III) iodide",
"I3Sb","Antimony(III) iodide",
"I4Si","Tetraiodosilane",
"I4Sn","Tin(IV) iodide",
"I4Ti","Titanium(IV) iodide",
"Kr","Krypton",
"MoO3","Molybdenum(VI) oxide",
"NO","Nitric oxide",
"N2","Nitrogen",
"N2O","Nitrous oxide",
"N2O4","Nitrogen tetroxide",
"Ne","Neon",
"O2","Oxygen",
"O2S","Sulfur dioxide",
"O3S","Sulfur trioxide",
"P","Phosphorus",
"Pb","Lead",
"S","Sulfur",
"STl2","Thallium(I) sulfide",
"Se","Selenium",
"Te","Tellurium",
"Xe","Xenon",
"CClF3","Chlorotrifluoromethane",
"CCl2F2","Dichlorodifluoromethane",
"CCl3F","Trichlorofluoromethane",
"CCl4","Tetrachloromethane",
"CHBr3","Tribromomethane",
"CHClF2","Chlorodifluoromethane",
"CHCl2F","Dichlorofluoromethane",
"CHCl3","Trichloromethane",
"CH2BrCl","Bromochloromethane",
"CH2Br2","Dibromomethane",
"CH2Cl2","Dichloromethane",
"CH2I2","Diiodomethane",
"CH2O2","Formic acid",
"CH3Br","Bromomethane",
"CH3Cl","Chloromethane",
"CH3I","Iodomethane",
"CH3NO","Formamide",
"CH3NO2","Nitromethane",
"CH4","Methane",
"CH4O","Methanol",
"CH5N","Methylamine",
"CH6N2","Methylhydrazine",
"CN4O8","Tetranitromethane",
"CO","Carbon monoxide",
"CS2","Carbon disulfide",
"C2Br2ClF3","1,2-Dibromo-1-chloro-1,2,2-trifluoroethane",
"C2Br2F4","1,2-Dibromotetrafluoroethane",
"C2ClF5","Chloropentafluoroethane",
"C2Cl2F4","1,2-Dichlorotetrafluoroethane",
"C2Cl3F3","1,1,1-Trichlorotrifluoroethane",
"C2Cl3F3","1,1,2-Trichloro-1,2,2-trifluoroethane",
"C2Cl4","Tetrachloroethylene",
"C2F6","Hexafluoroethane",
"C2HBrClF3","2-Bromo-2-chloro-1,1,1-trifluoroethane",
"C2HCl3","Trichloroethylene",
"C2HCl5","Pentachloroethane",
"C2HF3O2","Trifluoroacetic acid",
"C2H2Br4","1,1,2,2-Tetrabromoethane",
"C2H2Cl2","1,1-Dichloroethylene",
"C2H2Cl2","cis-1,2-Dichloroethylene",
"C2H2Cl2","trans-1,2-Dichloroethylene",
"C2H2Cl4","1,1,2,2-Tetrachloroethane",
"C2H3Br","Bromoethylene",
"C2H3Cl","Chloroethylene",
"C2H3Cl2F","1,1-Dichloro-1-fluoroethane",
"C2H3Cl3","1,1,1-Trichloroethane",
"C2H3Cl3","1,1,2-Trichloroethane",
"C2H3F3","1,1,1-Trifluoroethane",
"C2H3N","Acetonitrile",
"C2H4","Ethylene",
"C2H4Br2","1,2-Dibromoethane",
"C2H4Cl2","1,1-Dichloroethane",
"C2H4Cl2","1,2-Dichloroethane",
"C2H4F2","1,1-Difluoroethane",
"C2H4O","Acetaldehyde",
"C2H4O","Ethylene oxide",
"C2H4O2","Acetic acid",
"C2H4O2","Methyl formate",
"C2H5Br","Bromoethane",
"C2H5Cl","Chloroethane",
"C2H5ClO","2-Chloroethanol",
"C2H5I","Iodoethane",
"C2H5NO","N-Methylformamide",
"C2H5NO2","Nitroethane",
"C2H6","Ethane",
"C2H6O","Ethanol",
"C2H6O","Dimethyl ether",
"C2H6OS","Dimethyl sulfoxide",
"C2H6O2","Ethylene glycol",
"C2H6S","Ethanethiol",
"C2H6S","Dimethyl sulfide",
"C2H6S2","1,2-Ethanedithiol",
"C2H6S2","Dimethyl disulfide",
"C2H7N","Dimethylamine",
"C2H7NO","Ethanolamine",
"C2H8N2","1,2-Ethanediamine",
"C2H8N2","1,1-Dimethylhydrazine",
"C2N2","Cyanogen",
"C3Cl2F6","1,2-Dichlorohexafluoropropane",
"C3H3Cl3O2","Methyl trichloroacetate",
"C3H3N","Acrylonitrile",
"C3H4Cl2O2","Methyl dichloroacetate",
"C3H4O","Acrolein",
"C3H4O2","2-Oxetanone",
"C3H5Br","3-Bromopropene",
"C3H5Cl","3-Chloropropene",
"C3H5ClO2","Methyl chloroacetate",
"C3H5Cl3","1,2,3-Trichloropropane",
"C3H5N","Propanenitrile",
"C3H6","Propene",
"C3H6","Cyclopropane",
"C3H6Br2","1,2-Dibromopropane",
"C3H6Br2","1,3-Dibromopropane",
"C3H6Cl2","1,3-Dichloropropane",
"C3H6O","Allyl alcohol",
"C3H6O","Propanal",
"C3H6O","Acetone",
"C3H6O","Methyloxirane",
"C3H6O","Oxetane",
"C3H6O2","Propanoic acid",
"C3H6O2","Ethyl formate",
"C3H6O2","Methyl acetate",
"C3H6S","Thietane",
"C3H7Br","1-Bromopropane",
"C3H7Br","2-Bromopropane",
"C3H7Cl","1-Chloropropane",
"C3H7Cl","2-Chloropropane",
"C3H7I","1-Iodopropane",
"C3H7I","2-Iodopropane",
"C3H7NO","N-Ethylformamide",
"C3H7NO","N,N-Dimethylformamide",
"C3H7NO2","1-Nitropropane",
"C3H7NO2","2-Nitropropane",
"C3H8","Propane",
"C3H8O","1-Propanol",
"C3H8O","2-Propanol",
"C3H8O2","1,2-Propylene glycol",
"C3H8O2","1,3-Propylene glycol",
"C3H8O2","Ethylene glycol monomethyl ether",
"C3H8O3","Glycerol",
"C3H8S","1-Propanethiol",
"C3H8S","2-Propanethiol",
"C3H8S","Ethyl methyl sulfide",
"C3H8S2","1,3-Propanedithiol",
"C3H9N","Propylamine",
"C3H9N","Isopropylamine",
"C3H9N","Trimethylamine",
"C3H10N2","1,3-Propanediamine",
"C4F8","Perfluorocyclobutane",
"C4F10","Perfluorobutane",
"C4H4N2","Succinonitrile",
"C4H4N2","Pyrimidine",
"C4H4N2","Pyridazine",
"C4H4O","Furan",
"C4H4O2","Diketene",
"C4H4S","Thiophene",
"C4H5Cl3O2","Ethyl trichloroacetate",
"C4H5N","2-Methylacrylonitrile",
"C4H5N","Pyrrole",
"C4H5N","Cyclopropanecarbonitrile",
"C4H5NO2","Methyl cyanoacetate",
"C4H5NS","4-Methylthiazole",
"C4H6","1,2-Butadiene",
"C4H6","1,3-Butadiene",
"C4H6","1-Butyne",
"C4H6Cl2O2","Ethyl dichloroacetate",
"C4H6O2","Vinyl acetate",
"C4H6O2","Methyl acrylate",
"C4H6O2","Î³-Butyrolactone",
"C4H6O3","Acetic anhydride",
"C4H6S","2,3-Dihydrothiophene",
"C4H6S","2,5-Dihydrothiophene",
"C4H7ClO2","Ethyl chloroacetate",
"C4H7N","Butanenitrile",
"C4H7N","2-Methylpropanenitrile",
"C4H8","1-Butene",
"C4H8","cis-2-Butene",
"C4H8","trans-2-Butene",
"C4H8","Cyclobutane",
"C4H8Br2","1,4-Dibromobutane",
"C4H8Cl2","1,2-Dichlorobutane",
"C4H8Cl2","1,4-Dichlorobutane",
"C4H8Cl2O","Bis(2-chloroethyl) ether",
"C4H8O","Ethyl vinyl ether",
"C4H8O","1,2-Epoxybutane",
"C4H8O","Butanal",
"C4H8O","2-Butanone",
"C4H8O","Tetrahydrofuran",
"C4H8O2","Butanoic acid",
"C4H8O2","2-Methylpropanoic acid",
"C4H8O2","Propyl formate",
"C4H8O2","Ethyl acetate",
"C4H8O2","Methyl propanoate",
"C4H8O2","1,3-Dioxane",
"C4H8O2","1,4-Dioxane",
"C4H8S","Tetrahydrothiophene",
"C4H9Br","1-Bromobutane",
"C4H9Br","2-Bromobutane",
"C4H9Br","1-Bromo-2-methylpropane",
"C4H9Br","2-Bromo-2-methylpropane",
"C4H9Cl","1-Chlorobutane",
"C4H9Cl","2-Chlorobutane",
"C4H9Cl","1-Chloro-2-methylpropane",
"C4H9Cl","2-Chloro-2-methylpropane",
"C4H9I","1-Iodobutane",
"C4H9I","2-Iodobutane",
"C4H9I","1-Iodo-2-methylpropane",
"C4H9I","2-Iodo-2-methylpropane",
"C4H9N","Pyrrolidine",
"C4H9NO","N-Ethylacetamide",
"C4H9NO","N,N-Dimethylacetamide",
"C4H9NO","Morpholine",
"C4H10","Butane",
"C4H10","Isobutane",
"C4H10O","1-Butanol",
"C4H10O","2-Butanol",
"C4H10O","2-Methyl-1-propanol",
"C4H10O","2-Methyl-2-propanol",
"C4H10O","Diethyl ether",
"C4H10O","Methyl propyl ether",
"C4H10O","Isopropyl methyl ether",
"C4H10O2","1,2-Butanediol",
"C4H10O2","1,3-Butanediol",
"C4H10O2","Ethylene glycol monoethyl ether",
"C4H10O2","Ethylene glycol dimethyl ether",
"C4H10O3","Diethylene glycol",
"C4H10S","1-Butanethiol",
"C4H10S","2-Butanethiol",
"C4H10S","2-Methyl-1-propanethiol",
"C4H10S","2-Methyl-2-propanethiol",
"C4H10S","Diethyl sulfide",
"C4H10S","Methyl propyl sulfide",
"C4H10S","Isopropyl methyl sulfide",
"C4H10S2","1,4-Butanedithiol",
"C4H10S2","Diethyl disulfide",
"C4H11N","Butylamine",
"C4H11N","sec-Butylamine",
"C4H11N","tert-Butylamine",
"C4H11N","Isobutylamine",
"C4H11N","Diethylamine",
"C4H11N","Isopropylmethylamine",
"C4H11NO","2-Amino-2-methyl-1-propanol",
"C4H11NO2","Diethanolamine",
"C5H2F6O2","Hexafluoroacetylacetone",
"C5H4O2","Furfural",
"C5H5N","Pyridine",
"C5H6O2","Furfuryl alcohol",
"C5H6S","2-Methylthiophene",
"C5H6S","3-Methylthiophene",
"C5H7N","trans-3-Pentenenitrile",
"C5H7N","Cyclobutanecarbonitrile",
"C5H8","Spiropentane",
"C5H8O","Cyclopropyl methyl ketone",
"C5H8O","Cyclopentanone",
"C5H8O2","Methyl cyclopropanecarboxylate",
"C5H8O2","Allyl acetate",
"C5H8O2","Ethyl acrylate",
"C5H8O2","Methyl methacrylate",
"C5H8O2","2,4-Pentanedione",
"C5H9N","Pentanenitrile",
"C5H9N","3-Methylbutanenitrile",
"C5H9N","2,2-Dimethylpropanenitrile",
"C5H10","1-Pentene",
"C5H10","cis-2-Pentene",
"C5H10","trans-2-Pentene",
"C5H10","2-Methyl-1-butene",
"C5H10","3-Methyl-1-butene",
"C5H10","2-Methyl-2-butene",
"C5H10","Cyclopentane",
"C5H10Cl2","1,2-Dichloropentane",
"C5H10Cl2","1,5-Dichloropentane",
"C5H10O","Cyclopentanol",
"C5H10O","2-Pentanone",
"C5H10O","3-Pentanone",
"C5H10O","3-Methyl-2-butanone",
"C5H10O","3,3-Dimethyloxetane",
"C5H10O","Tetrahydropyran",
"C5H10O2","Pentanoic acid",
"C5H10O2","2-Methylbutanoic acid",
"C5H10O2","Butyl formate",
"C5H10O2","Isobutyl formate",
"C5H10O2","Propyl acetate",
"C5H10O2","Isopropyl acetate",
"C5H10O2","Ethyl propanoate",
"C5H10O2","Methyl butanoate",
"C5H10O2","Methyl isobutanoate",
"C5H10O2","Tetrahydrofurfuryl alcohol",
"C5H10O3","Diethyl carbonate",
"C5H10O3","Ethylene glycol monomethyl ether acetate",
"C5H10S","Thiacyclohexane",
"C5H10S","Cyclopentanethiol",
"C5H11Br","1-Bromopentane",
"C5H11Cl","1-Chloropentane",
"C5H11Cl","2-Chloropentane",
"C5H11Cl","1-Chloro-3-methylbutane",
"C5H11I","1-Iodopentane",
"C5H11N","Piperidine",
"C5H12","Pentane",
"C5H12","Isopentane",
"C5H12","Neopentane",
"C5H12O","1-Pentanol",
"C5H12O","2-Pentanol",
"C5H12O","3-Pentanol",
"C5H12O","2-Methyl-1-butanol",
"C5H12O","3-Methyl-1-butanol",
"C5H12O","2-Methyl-2-butanol",
"C5H12O","3-Methyl-2-butanol",
"C5H12O","Butyl methyl ether",
"C5H12O","sec-Butyl methyl ether",
"C5H12O","Methyl tert-butyl ether",
"C5H12O","Isobutyl methyl ether",
"C5H12O","Ethyl propyl ether",
"C5H12O","Ethyl isopropyl ether",
"C5H12O2","1-Ethoxy-2-methoxyethane",
"C5H12O2","1,5-Pentanediol",
"C5H12O2","Ethylene glycol monopropyl ether",
"C5H12O2","Diethoxymethane",
"C5H12O3","Diethylene glycol monomethyl ether",
"C5H12S","1-Pentanethiol",
"C5H12S","2-Methyl-1-butanethiol",
"C5H12S","2-Methyl-2-butanethiol",
"C5H12S","Butyl methyl sulfide",
"C5H12S","tert-Butyl methyl sulfide",
"C5H12S","Ethyl propyl sulfide",
"C5H12S","Ethyl isopropyl sulfide",
"C5H13N","Pentylamine",
"C5H13N","Ethylisopropylamine",
"C6ClF5","Chloropentafluorobenzene",
"C6F6","Hexafluorobenzene",
"C6HF5","Pentafluorobenzene",
"C6H4Cl2","o-Dichlorobenzene",
"C6H4Cl2","m-Dichlorobenzene",
"C6H4Cl2","p-Dichlorobenzene",
"C6H4F2","o-Difluorobenzene",
"C6H4F2","m-Difluorobenzene",
"C6H4F2","p-Difluorobenzene",
"C6H5Br","Bromobenzene",
"C6H5Cl","Chlorobenzene",
"C6H5F","Fluorobenzene",
"C6H5I","Iodobenzene",
"C6H5NO2","Nitrobenzene",
"C6H6","Benzene",
"C6H6ClN","o-Chloroaniline",
"C6H6O","Phenol",
"C6H6S","Benzenethiol",
"C6H7N","Aniline",
"C6H7N","2-Methylpyridine",
"C6H7N","3-Methylpyridine",
"C6H7N","4-Methylpyridine",
"C6H7N","1-Cyclopentenecarbonitrile",
"C6H9N","Cyclopentanecarbonitrile",
"C6H9NO3","Triacetamide",
"C6H10","Cyclohexene",
"C6H10O","Cyclohexanone",
"C6H10O","Mesityl oxide",
"C6H10O2","Methyl cyclobutanecarboxylate",
"C6H10O3","Propanoic anhydride",
"C6H10O4","Diethyl oxalate",
"C6H10O4","Ethylene glycol diacetate",
"C6H11N","Hexanenitrile",
"C6H12","1-Hexene",
"C6H12","cis-2-Hexene",
"C6H12","trans-2-Hexene",
"C6H12","cis-3-Hexene",
"C6H12","trans-3-Hexene",
"C6H12","2-Methyl-1-pentene",
"C6H12","3-Methyl-1-pentene",
"C6H12","4-Methyl-1-pentene",
"C6H12","2-Methyl-2-pentene",
"C6H12","3-Methyl-cis-2-pentene",
"C6H12","3-Methyl-trans-2-pentene",
"C6H12","4-Methyl-cis-2-pentene",
"C6H12","4-Methyl-trans-2-pentene",
"C6H12","2-Ethyl-1-butene",
"C6H12","2,3-Dimethyl-1-butene",
"C6H12","3,3-Dimethyl-1-butene",
"C6H12","2,3-Dimethyl-2-butene",
"C6H12","Cyclohexane",
"C6H12","Methylcyclopentane",
"C6H12","Ethylcyclobutane",
"C6H12Cl2","1,2-Dichlorohexane",
"C6H12O","Butyl vinyl ether",
"C6H12O","2-Hexanone",
"C6H12O","3-Hexanone",
"C6H12O","3-Methyl-2-pentanone",
"C6H12O","4-Methyl-2-pentanone",
"C6H12O","2-Methyl-3-pentanone",
"C6H12O","3,3-Dimethyl-2-butanone",
"C6H12O","Cyclohexanol",
"C6H12O2","Butyl acetate",
"C6H12O2","tert-Butyl acetate",
"C6H12O2","Isobutyl acetate",
"C6H12O2","Propyl propanoate",
"C6H12O2","Ethyl butanoate",
"C6H12O2","Ethyl 2-methylpropanoate",
"C6H12O2","Methyl pentanoate",
"C6H12O2","Methyl 2,2-dimethylpropanoate",
"C6H12O3","Ethylene glycol monoethyl ether acetate",
"C6H12S","Cyclohexanethiol",
"C6H13Br","1-Bromohexane",
"C6H13Cl","1-Chlorohexane",
"C6H13I","1-Iodohexane",
"C6H13N","Cyclohexylamine",
"C6H14","Hexane",
"C6H14","2-Methylpentane",
"C6H14","3-Methylpentane",
"C6H14","2,2-Dimethylbutane",
"C6H14","2,3-Dimethylbutane",
"C6H14N2","Azopropane",
"C6H14O","1-Hexanol",
"C6H14O","2-Hexanol",
"C6H14O","2-Methyl-1-pentanol",
"C6H14O","4-Methyl-1-pentanol",
"C6H14O","2-Methyl-2-pentanol",
"C6H14O","4-Methyl-2-pentanol",
"C6H14O","2-Ethyl-1-butanol",
"C6H14O","Dipropyl ether",
"C6H14O","Diisopropyl ether",
"C6H14O","Butyl ethyl ether",
"C6H14O","Methyl pentyl ether",
"C6H14O2","2-Methyl-2,4-pentanediol",
"C6H14O2","Ethylene glycol monobutyl ether",
"C6H14O2","1,1-Diethoxyethane",
"C6H14O2","Ethylene glycol diethyl ether",
"C6H14O3","Bis(ethoxymethyl) ether",
"C6H14O3","Diethylene glycol monoethyl ether",
"C6H14O3","Diethylene glycol dimethyl ether",
"C6H14O4","Triethylene glycol",
"C6H14S","Dipropyl sulfide",
"C6H14S","Diisopropyl sulfide",
"C6H14S","Isopropyl propyl sulfide",
"C6H14S","Butyl ethyl sulfide",
"C6H14S","Methyl pentyl sulfide",
"C6H15N","Hexylamine",
"C6H15N","Butylethylamine",
"C6H15N","Dipropylamine",
"C6H15N","Diisopropylamine",
"C6H15N","Isopropylpropylamine",
"C6H15N","Triethylamine",
"C6MoO6","Molybdenum hexacarbonyl",
"C7H3F5","2,3,4,5,6-Pentafluorotoluene",
"C7H5F3","(Trifluoromethyl)benzene",
"C7H5N","Benzonitrile",
"C7H6O","Benzaldehyde",
"C7H6O2","Salicylaldehyde",
"C7H7Cl","o-Chlorotoluene",
"C7H7Cl","p-Chlorotoluene",
"C7H7F","o-Fluorotoluene",
"C7H7F","p-Fluorotoluene",
"C7H8","Toluene",
"C7H8O","o-Cresol",
"C7H8O","m-Cresol",
"C7H8O","p-Cresol",
"C7H8O","Benzyl alcohol",
"C7H8O","Anisole",
"C7H9N","Benzylamine",
"C7H9N","o-Methylaniline",
"C7H9N","m-Methylaniline",
"C7H9N","p-Methylaniline",
"C7H9N","1-Cyclohexenecarbonitrile",
"C7H9N","2,3-Dimethylpyridine",
"C7H9N","2,4-Dimethylpyridine",
"C7H9N","2,5-Dimethylpyridine",
"C7H9N","2,6-Dimethylpyridine",
"C7H9N","3,4-Dimethylpyridine",
"C7H9N","3,5-Dimethylpyridine",
"C7H10O","Dicyclopropyl ketone",
"C7H11N","Cyclohexanecarbonitrile",
"C7H12","1-Methylbicyclo(3,1,0)hexane",
"C7H12O4","Diethyl malonate",
"C7H14","1-Heptene",
"C7H14","cis-2-Heptene",
"C7H14","trans-2-Heptene",
"C7H14","cis-3-Heptene",
"C7H14","trans-3-Heptene",
"C7H14","cis-3-Methyl-3-hexene",
"C7H14","trans-3-Methyl-3-hexene",
"C7H14","2,4-Dimethyl-1-pentene",
"C7H14","4,4-Dimethyl-1-pentene",
"C7H14","2,4-Dimethyl-2-pentene",
"C7H14","cis-4,4-Dimethyl-2-pentene",
"C7H14","trans-4,4-Dimethyl-2-pentene",
"C7H14","2-Ethyl-3-methyl-1-butene",
"C7H14","2,3,3-Trimethyl-1-butene",
"C7H14","Methylcyclohexane",
"C7H14","Ethylcyclopentane",
"C7H14","cis-1,3-Dimethylcyclopentane",
"C7H14O","2-Heptanone",
"C7H14O","2,2-Dimethyl-3-pentanone",
"C7H14O","2,4-Dimethyl-3-pentanone",
"C7H14O","1-Methylcyclohexanol",
"C7H14O","cis-2-Methylcyclohexanol",
"C7H14O","trans-2-Methylcyclohexanol",
"C7H14O2","Pentyl acetate",
"C7H14O2","Isopentyl acetate",
"C7H14O2","Ethyl pentanoate",
"C7H14O2","Ethyl 3-methylbutanoate",
"C7H14O2","Ethyl 2,2-dimethylpropanoate",
"C7H14O2","Methyl hexanoate",
"C7H15Br","1-Bromoheptane",
"C7H15Cl","1-Chloroheptane",
"C7H16","Heptane",
"C7H16","2-Methylhexane",
"C7H16","3-Methylhexane",
"C7H16","3-Ethylpentane",
"C7H16","2,2-Dimethylpentane",
"C7H16","2,3-Dimethylpentane",
"C7H16","2,4-Dimethylpentane",
"C7H16","3,3-Dimethylpentane",
"C7H16","2,2,3-Trimethylbutane",
"C7H16O","Hexyl methyl ether",
"C7H16O","1-Heptanol",
"C7H16O","3-Heptanol",
"C7H16O","Butyl propyl ether",
"C7H16O","Ethyl pentyl ether",
"C7H17N","Heptylamine",
"C8F18","Perfluorooctane",
"C8H8","Styrene",
"C8H8O","Acetophenone",
"C8H8O2","Methyl benzoate",
"C8H8O3","Methyl salicylate",
"C8H10","Ethylbenzene",
"C8H10","o-Xylene",
"C8H10","m-Xylene",
"C8H10","p-Xylene",
"C8H10O","2,4-Xylenol",
"C8H10O","2,5-Xylenol",
"C8H10O","2,6-Xylenol",
"C8H10O","3,4-Xylenol",
"C8H10O","3,5-Xylenol",
"C8H10O","Phenetole",
"C8H11N","N-Ethylaniline",
"C8H11N","N,N-Dimethylaniline",
"C8H11N","2,4-Dimethylaniline",
"C8H11N","2,5-Dimethylaniline",
"C8H11N","2,3,6-Trimethylpyridine",
"C8H11N","2,4,6-Trimethylpyridine",
"C8H14","1-Octyne",
"C8H14","2-Octyne",
"C8H14","3-Octyne",
"C8H14","4-Octyne",
"C8H14O3","Butanoic anhydride",
"C8H15N","Octanenitrile",
"C8H16","1-Octene",
"C8H16","cis-2,2-Dimethyl-3-hexene",
"C8H16","trans-2,2-Dimethyl-3-hexene",
"C8H16","3-Ethyl-2-methyl-1-pentene",
"C8H16","2,4,4-Trimethyl-1-pentene",
"C8H16","2,4,4-Trimethyl-2-pentene",
"C8H16","Ethylcyclohexane",
"C8H16","1,1-Dimethylcyclohexane",
"C8H16","cis-1,2-Dimethylcyclohexane",
"C8H16","trans-1,2-Dimethylcyclohexane",
"C8H16","cis-1,3-Dimethylcyclohexane",
"C8H16","trans-1,3-Dimethylcyclohexane",
"C8H16","cis-1,4-Dimethylcyclohexane",
"C8H16","trans-1,4-Dimethylcyclohexane",
"C8H16","Propylcyclopentane",
"C8H16","Isopropylcyclopentane",
"C8H16","1-Ethyl-1-methylcyclopentane",
"C8H16O","2,2,4-Trimethyl-3-pentanone",
"C8H16O2","Octanoic acid",
"C8H16O2","2-Ethylhexanoic acid",
"C8H16O2","Isobutyl isobutanoate",
"C8H16O2","Ethyl hexanoate",
"C8H16O2","Methyl heptanoate",
"C8H17Br","1-Bromooctane",
"C8H17Cl","1-Chlorooctane",
"C8H17F","1-Fluorooctane",
"C8H18","Octane",
"C8H18","2-Methylheptane",
"C8H18","3-Methylheptane",
"C8H18","4-Methylheptane",
"C8H18","3-Ethylhexane",
"C8H18","2,2-Dimethylhexane",
"C8H18","2,3-Dimethylhexane",
"C8H18","2,4-Dimethylhexane",
"C8H18","2,5-Dimethylhexane",
"C8H18","3,3-Dimethylhexane",
"C8H18","3,4-Dimethylhexane",
"C8H18","3-Ethyl-2-methylpentane",
"C8H18","3-Ethyl-3-methylpentane",
"C8H18","2,2,3-Trimethylpentane",
"C8H18","2,2,4-Trimethylpentane",
"C8H18","2,3,3-Trimethylpentane",
"C8H18","2,3,4-Trimethylpentane",
"C8H18","2,2,3,3-Tetramethylbutane",
"C8H18N2","Azobutane",
"C8H18O","1-Octanol",
"C8H18O","2-Octanol",
"C8H18O","2-Ethyl-1-hexanol",
"C8H18O","Dibutyl ether",
"C8H18O","Di-sec-butyl ether",
"C8H18O","Di-tert-butyl ether",
"C8H18O2","1,2-Dipropoxyethane",
"C8H18O3","Diethylene glycol diethyl ether",
"C8H18S","Dibutyl sulfide",
"C8H18S","Di-tert-butyl sulfide",
"C8H18S","Diisobutyl sulfide",
"C8H19N","Dibutylamine",
"C8H19N","2-Ethylhexylamine",
"C9H7N","Quinoline",
"C9H7N","Isoquinoline",
"C9H10","Cyclopropylbenzene",
"C9H10","Indan",
"C9H10O2","Benzyl acetate",
"C9H12","Propylbenzene",
"C9H12","Isopropylbenzene",
"C9H12","1,2,3-Trimethylbenzene",
"C9H12","1,2,4-Trimethylbenzene",
"C9H12","1,3,5-Trimethylbenzene",
"C9H14O6","Triacetin",
"C9H18","Butylcyclopentane",
"C9H18","Propylcyclohexane",
"C9H18","Isopropylcyclohexane",
"C9H18O","2-Nonanone",
"C9H18O","5-Nonanone",
"C9H18O","2,6-Dimethyl-4-heptanone",
"C9H18O2","Methyl octanoate",
"C9H20","Nonane",
"C9H20","2,2,5-Trimethylhexane",
"C9H20","2,3,5-Trimethylhexane",
"C9H20","3,3-Diethylpentane",
"C9H20","2,2,4,4-Tetramethylpentane",
"C9H20O","1-Nonanol",
"C10H7Br","1-Bromonaphthalene",
"C10H7Cl","1-Chloronaphthalene",
"C10H8","Naphthalene",
"C10H9N","2-Methylquinoline",
"C10H9N","4-Methylquinoline",
"C10H9N","6-Methylquinoline",
"C10H9N","8-Methylquinoline",
"C10H12","1,2,3,4-Tetrahydronaphthalene",
"C10H14","Butylbenzene",
"C10H14","sec-Butylbenzene",
"C10H14","tert-Butylbenzene",
"C10H14","Isobutylbenzene",
"C10H14","1-Isopropyl-4-methylbenzene",
"C10H16O","(+)-Camphor",
"C10H18","cis-Decahydronaphthalene",
"C10H18","trans-Decahydronaphthalene",
"C10H19N","Decanenitrile",
"C10H20","1-Decene",
"C10H20","Butylcyclohexane",
"C10H20O2","2-Ethylhexyl acetate",
"C10H20O2","Isopentyl isopentanoate",
"C10H22","Decane",
"C10H22","2-Methylnonane",
"C10H22","3-Methylnonane",
"C10H22","5-Methylnonane",
"C10H22","2,4-Dimethyloctane",
"C10H22O","1-Decanol",
"C10H22O","Diisopentyl ether",
"C10H22S","1-Decanethiol",
"C11H10","1-Methylnaphthalene",
"C11H21N","Undecanenitrile",
"C11H22","Pentylcyclohexane",
"C11H24","Undecane",
"C11H24","2-Methyldecane",
"C11H24","4-Methyldecane",
"C11H24","2,4,7-Trimethyloctane",
"C12F27N","Tris(perfluorobutyl)amine",
"C12H10O","Diphenyl ether",
"C12H16","Cyclohexylbenzene",
"C12H22","Cyclohexylcyclohexane",
"C12H23N","Dodecanenitrile",
"C12H24","1-Dodecene",
"C12H26","2,2,4,6,6-Pentamethylheptane",
"C12H26","Dodecane",
"C12H26O","1-Dodecanol",
"C12H27BO3","Tributyl borate",
"C12H27N","Tributylamine",
"C13H13N","N-Benzylaniline",
"C13H26O2","Methyl dodecanoate",
"C13H28","Tridecane",
"C14H10","Phenanthrene",
"C14H12O2","Benzyl benzoate",
"C14H27N","Tetradecanenitrile",
"C14H30","Tetradecane",
"C14H30O","1-Tetradecanol",
"C15H32","Pentadecane",
"C16H22O4","Dibutyl phthalate",
"C16H32","1-Hexadecene",
"C16H34","Hexadecane",
"C17H36","Heptadecane",
"C18H34O2","Oleic acid",
"C18H38","Octadecane",
"C19H40","Nonadecane",
"C20H42","Eicosane",
