7824,"C7H14O2","InChI=1S/C7H14O2/c1-3-4-5-6-7(8)9-2/h3-6H2,1-2H3"
263,"C4H10O","InChI=1S/C4H10O/c1-2-3-4-5/h5H,2-4H2,1H3"
38019,"C12H4Cl6","InChI=1S/C12H4Cl6/c13-7-2-1-5(3-8(7)14)6-4-9(15)11(17)12(18)10(6)16/h1-4H"
7965,"C6H13N","InChI=1S/C6H13N/c7-6-4-2-1-3-5-6/h6H,1-5,7H2"
74626,"C7H6O2","InChI=1S/C7H6O2/c8-6-9-7-4-2-1-3-5-7/h1-6H"
11124,"C4H8O2","InChI=1S/C4H8O2/c1-3-4(5)6-2/h3H2,1-2H3"
10943,"C6H4Cl2","InChI=1S/C6H4Cl2/c7-5-2-1-3-6(8)4-5/h1-4H"
6340,"C2H5I","InChI=1S/C2H5I/c1-2-3/h2H2,1H3"
10907,"C8H18","InChI=1S/C8H18/c1-7(2)6-8(3,4)5/h7H,6H2,1-5H3"
3283,"C4H10O","InChI=1S/C4H10O/c1-3-5-4-2/h3-4H2,1-2H3"
22227,"C10H16O","InChI=1S/C10H16O/c1-7(2)9-5-4-8(3)10(11)6-9/h8-9H,1,4-6H2,2-3H3/t8-,9-/m1/s1"
7245,"C6H5ClO","InChI=1S/C6H5ClO/c7-5-3-1-2-4-6(5)8/h1-4,8H"
7520,"C7H8S","InChI=1S/C7H8S/c1-8-7-5-3-2-4-6-7/h2-6H,1H3"
33643,"C3H7I","InChI=1S/C3H7I/c1-2-3-4/h2-3H2,1H3"
6361,"C3H7Cl","InChI=1S/C3H7Cl/c1-3(2)4/h3H,1-2H3"
220639,"C5H11NO2","InChI=1S/C5H11NO2/c1-2-3-4-5-6(7)8/h2-5H2,1H3"
10399,"C7H14O","InChI=1S/C7H14O/c8-7-5-3-1-2-4-6-7/h7-8H,1-6H2"
10041,"C5H12","InChI=1S/C5H12/c1-5(2,3)4/h1-4H3"
6214,"C2Cl6","InChI=1S/C2Cl6/c3-1(4,5)2(6,7)8"
8909,"C8H18O","InChI=1S/C8H18O/c1-3-5-7-9-8-6-4-2/h3-8H2,1-2H3"
6535,"C6H15O4P","InChI=1S/C6H15O4P/c1-4-8-11(7,9-5-2)10-6-3/h4-6H2,1-3H3"
6574,"C2H3Cl3","InChI=1S/C2H3Cl3/c3-1-2(4)5/h2H,1H2"
12083,"C8H7NO4","InChI=1S/C8H7NO4/c1-13-8(10)6-2-4-7(5-3-6)9(11)12/h2-5H,1H3"
14215,"C10H21NOS","InChI=1S/C10H21NOS/c1-4-7-8-11(6-3)10(12)13-9-5-2/h4-9H2,1-3H3"
11565,"C7H9N","InChI=1S/C7H9N/c1-6-3-7(2)5-8-4-6/h3-5H,1-2H3"
6720,"C6Cl5NO2","InChI=1S/C6Cl5NO2/c7-1-2(8)4(10)6(12(13)14)5(11)3(1)9"
8606,"C9H8Cl3NO2S","InChI=1S/C9H8Cl3NO2S/c10-9(11,12)16-13-7(14)5-3-1-2-4-6(5)8(13)15/h1-2,5-6H,3-4H2"
7929,"C8H10","InChI=1S/C8H10/c1-7-4-3-5-8(2)6-7/h3-6H,1-2H3"
7463,"C10H14","InChI=1S/C10H14/c1-8(2)10-6-4-9(3)5-7-10/h4-8H,1-3H3"
34586,"C12H6Cl2O2","InChI=1S/C12H6Cl2O2/c13-7-5-11-12(6-8(7)14)16-10-4-2-1-3-9(10)15-11/h1-6H"
13187,"C9H18O","InChI=1S/C9H18O/c1-3-4-5-6-7-8-9(2)10/h3-8H2,1-2H3"
7963,"C6H7N","InChI=1S/C6H7N/c1-6-2-4-7-5-3-6/h2-5H,1H3"
3394,"C15H13FO2","InChI=1S/C15H13FO2/c1-10(15(17)18)12-7-8-13(14(16)9-12)11-5-3-2-4-6-11/h2-10H,1H3,(H,17,18)"
8012,"C4H10S","InChI=1S/C4H10S/c1-2-3-4-5/h5H,2-4H2,1H3"
10687,"C8H10O","InChI=1S/C8H10O/c1-6-4-3-5-8(9)7(6)2/h3-5,9H,1-2H3"
31265,"C8H16O2","InChI=1S/C8H16O2/c1-3-5-6-7-8(9)10-4-2/h3-7H2,1-2H3"
7914,"C6H14O","InChI=1S/C6H14O/c1-5(2)7-6(3)4/h5-6H,1-4H3"
887,"CH4O","InChI=1S/CH4O/c1-2/h2H,1H3"
6386,"C4H10O","InChI=1S/C4H10O/c1-4(2,3)5/h5H,1-3H3"
8083,"C4H9NO","InChI=1S/C4H9NO/c1-3-6-4-2-5-1/h5H,1-4H2"
7844,"C4H8","InChI=1S/C4H8/c1-3-4-2/h3H,1,4H2,2H3"
12732,"C6H10","InChI=1S/C6H10/c1-3-5-6-4-2/h1H,4-6H2,2H3"
6213,"C2H6O2S","InChI=1S/C2H6O2S/c1-5(2,3)4/h1-2H3"
7865,"C2H4O2","InChI=1S/C2H4O2/c1-4-2-3/h2H,1H3"
7762,"C6H12O2","InChI=1S/C6H12O2/c1-3-5-6(7)8-4-2/h3-5H2,1-2H3"
8263,"C4F8","InChI=1S/C4F8/c5-1(6)2(7,8)4(11,12)3(1,9)10"
2331,"C7H7NO","InChI=1S/C7H7NO/c8-7(9)6-4-2-1-3-5-6/h1-5H,(H2,8,9)"
9216,"C12H8O2","InChI=1S/C12H8O2/c1-2-6-10-9(5-1)13-11-7-3-4-8-12(11)14-10/h1-8H"
7808,"C6H5BrO","InChI=1S/C6H5BrO/c7-5-1-3-6(8)4-2-5/h1-4,8H"
8892,"C6H12O2","InChI=1S/C6H12O2/c1-2-3-4-5-6(7)8/h2-5H2,1H3,(H,7,8)"
31249,"C8H14O4","InChI=1S/C8H14O4/c1-3-11-7(9)5-6-8(10)12-4-2/h3-6H2,1-2H3"
11335,"C8H10O","InChI=1S/C8H10O/c1-6-4-3-5-7(2)8(6)9/h3-5,9H,1-2H3"
7238,"C7H7Cl","InChI=1S/C7H7Cl/c1-6-4-2-3-5-7(6)8/h2-5H,1H3"
2268,"C10H12N3O3PS2","InChI=1S/C10H12N3O3PS2/c1-15-17(18,16-2)19-7-13-10(14)8-5-3-4-6-9(8)11-12-13/h3-6H,7H2,1-2H3"
69027,"C6H12O2","InChI=1S/C6H12O2/c1-6(2,3)5(7)8-4/h1-4H3"
7839,"C2H4Br2","InChI=1S/C2H4Br2/c3-1-2-4/h1-2H2"
6343,"C2H6S","InChI=1S/C2H6S/c1-2-3/h3H,2H2,1H3"
6556,"C5H12","InChI=1S/C5H12/c1-4-5(2)3/h5H,4H2,1-3H3"
6736,"C9H9N","InChI=1S/C9H9N/c1-7-6-10-9-5-3-2-4-8(7)9/h2-6,10H,1H3"
6184,"C6H12O","InChI=1S/C6H12O/c1-2-3-4-5-6-7/h6H,2-5H2,1H3"
6428,"C2Cl3F3","InChI=1S/C2Cl3F3/c3-1(4,6)2(5,7)8"
13081,"C11H16ClO2PS3","InChI=1S/C11H16ClO2PS3/c1-3-13-15(16,14-4-2)18-9-17-11-7-5-10(12)6-8-11/h5-8H,3-4,9H2,1-2H3"
12468,"C6H2Cl4","InChI=1S/C6H2Cl4/c7-3-1-4(8)6(10)5(9)2-3/h1-2H"
11,"C2H4Cl2","InChI=1S/C2H4Cl2/c3-1-2-4/h1-2H2"
6054,"C8H10O","InChI=1S/C8H10O/c9-7-6-8-4-2-1-3-5-8/h1-5,9H,6-7H2"
7848,"C3H8S","InChI=1S/C3H8S/c1-2-3-4/h4H,2-3H2,1H3"
1140,"C7H8","InChI=1S/C7H8/c1-7-5-3-2-4-6-7/h2-6H,1H3"
7288,"C5H10O","InChI=1S/C5H10O/c1-3-5(6)4-2/h3-4H2,1-2H3"
7895,"C5H10O","InChI=1S/C5H10O/c1-3-4-5(2)6/h3-4H2,1-2H3"
12418,"C2H2Cl4","InChI=1S/C2H2Cl4/c3-1-2(4,5)6/h1H2"
10992,"C6H13Cl","InChI=1S/C6H13Cl/c1-2-3-4-5-6-7/h2-6H2,1H3"
6027,"C5H10O5","InChI=1S/C5H10O5/c6-2-1-10-5(9)4(8)3(2)7/h2-9H,1H2/t2-,3+,4-,5+/m1/s1"
12986,"C6H12","InChI=1S/C6H12/c1-4-5-6(2)3/h2,4-5H2,1,3H3"
6568,"C4H10O","InChI=1S/C4H10O/c1-3-4(2)5/h4-5H,3H2,1-2H3"
7498,"C7H7Br","InChI=1S/C7H7Br/c8-6-7-4-2-1-3-5-7/h1-5H,6H2"
4130,"C8H10NO5PS","InChI=1S/C8H10NO5PS/c1-12-15(16,13-2)14-8-5-3-7(4-6-8)9(10)11/h3-6H,1-2H3"
7843,"C4H10","InChI=1S/C4H10/c1-3-4-2/h3-4H2,1-2H3"
402,"H2S","InChI=1S/H2S/h1H2"
9411,"C9H13BrN2O2","InChI=1S/C9H13BrN2O2/c1-4-5(2)12-8(13)7(10)6(3)11-9(12)14/h5H,4H2,1-3H3,(H,11,14)"
3100,"C17H21NO","InChI=1S/C17H21NO/c1-18(2)13-14-19-17(15-9-5-3-6-10-15)16-11-7-4-8-12-16/h3-12,17H,13-14H2,1-2H3"
6375,"CH3NO2","InChI=1S/CH3NO2/c1-2(3)4/h1H3"
6582,"C3H7NO","InChI=1S/C3H7NO/c1-3(5)4-2/h1-2H3,(H,4,5)"
177,"C2H4O","InChI=1S/C2H4O/c1-2-3/h2H,1H3"
13004,"C5H8O","InChI=1S/C5H8O/c1-4(6)5-2-3-5/h5H,2-3H2,1H3"
31289,"C9H18O","InChI=1S/C9H18O/c1-2-3-4-5-6-7-8-9-10/h9H,2-8H2,1H3"
10899,"C3H7Cl","InChI=1S/C3H7Cl/c1-2-3-4/h2-3H2,1H3"
7947,"C9H12","InChI=1S/C9H12/c1-7-4-8(2)6-9(3)5-7/h4-6H,1-3H3"
7095,"C12H10","InChI=1S/C12H10/c1-3-7-11(8-4-1)12-9-5-2-6-10-12/h1-10H"
6324,"C2H6","InChI=1S/C2H6/c1-2/h1-2H3"
11095291,"C3H2ClF5O","InChI=1S/C3H2ClF5O/c4-1(3(7,8)9)10-2(5)6/h1-2H/t1-/m0/s1"
13207,"C8H14O","InChI=1S/C8H14O/c1-7(9)8-5-3-2-4-6-8/h8H,2-6H2,1H3"
12230,"C3H8S","InChI=1S/C3H8S/c1-3-4-2/h3H2,1-2H3"
996,"C6H6O","InChI=1S/C6H6O/c7-6-4-2-1-3-5-6/h1-5,7H"
6334,"C3H8","InChI=1S/C3H8/c1-3-2/h3H2,1-2H3"
3672,"C13H18O2","InChI=1S/C13H18O2/c1-9(2)8-11-4-6-12(7-5-11)10(3)13(14)15/h4-7,9-10H,8H2,1-3H3,(H,14,15)"
3825,"C16H14O3","InChI=1S/C16H14O3/c1-11(16(18)19)13-8-5-9-14(10-13)15(17)12-6-3-2-4-7-12/h2-11H,1H3,(H,18,19)"
6362,"C3H7I","InChI=1S/C3H7I/c1-3(2)4/h3H,1-2H3"
13019,"C7H5NO","InChI=1S/C7H5NO/c8-5-6-1-3-7(9)4-2-6/h1-4,9H"
6997,"C8H10O","InChI=1S/C8H10O/c1-2-7-5-3-4-6-8(7)9/h3-6,9H,2H2,1H3"
11239,"C5H10","InChI=1S/C5H10/c1-4-5(2)3/h4-5H,1H2,2-3H3"
712,"CH2O","InChI=1S/CH2O/c1-2/h1H2"
10977,"C5H11Cl","InChI=1S/C5H11Cl/c1-2-3-4-5-6/h2-5H2,1H3"
8680,"C10H14","InChI=1S/C10H14/c1-3-9(2)10-7-5-4-6-8-10/h4-9H,3H2,1-2H3"
15600,"C10H22","InChI=1S/C10H22/c1-3-5-7-9-10-8-6-4-2/h3-10H2,1-2H3"
6337,"C2H5Cl","InChI=1S/C2H5Cl/c1-2-3/h2H2,1H3"
7282,"C6H14","InChI=1S/C6H14/c1-4-6(3)5-2/h6H,4-5H2,1-3H3"
6560,"C4H10O","InChI=1S/C4H10O/c1-4(2)3-5/h4-5H,3H2,1-2H3"
6734,"C12H10","InChI=1S/C12H10/c1-3-9-4-2-6-11-8-7-10(5-1)12(9)11/h1-6H,7-8H2"
156391,"C14H14O3","InChI=1S/C14H14O3/c1-9(14(15)16)10-3-4-12-8-13(17-2)6-5-11(12)7-10/h3-9H,1-2H3,(H,15,16)/t9-/m0/s1"
9005,"C4H10O3","InChI=1S/C4H10O3/c1-5-4(6-2)7-3/h4H,1-3H3"
8025,"C3H6O2","InChI=1S/C3H6O2/c1-2-5-3-4/h3H,2H2,1H3"
7456,"C8H8O3","InChI=1S/C8H8O3/c1-11-8(10)6-2-4-7(9)5-3-6/h2-5,9H,1H3"
702,"C2H6O","InChI=1S/C2H6O/c1-2-3/h3H,2H2,1H3"
20528,"C16H13NO3","InChI=1S/C16H13NO3/c18-9-8-17-13-7-3-6-12-14(13)16(20)11-5-2-1-4-10(11)15(12)19/h1-7,17-18H,8-9H2"
19540,"C10H20","InChI=1S/C10H20/c1-2-3-4-7-10-8-5-6-9-10/h10H,2-9H2,1H3"
12206,"C6H12O2","InChI=1S/C6H12O2/c1-3-4-5-6(7)8-2/h3-5H2,1-2H3"
12101,"C8H10O","InChI=1S/C8H10O/c1-2-7-4-3-5-8(9)6-7/h3-6,9H,2H2,1H3"
31272,"C6H12O2","InChI=1S/C6H12O2/c1-3-4-5-8-6(2)7/h3-5H2,1-2H3"
11417,"C7H9N","InChI=1S/C7H9N/c1-6-3-4-8-5-7(6)2/h3-5H,1-2H3"
31246,"C7H14O","InChI=1S/C7H14O/c1-3-5-7(8)6-4-2/h3-6H2,1-2H3"
7761,"C7H12O4","InChI=1S/C7H12O4/c1-3-10-6(8)5-7(9)11-4-2/h3-5H2,1-2H3"
6341,"C2H7N","InChI=1S/C2H7N/c1-2-3/h2-3H2,1H3"
11182,"C4H10O","InChI=1S/C4H10O/c1-3-4-5-2/h3-4H2,1-2H3"
31420,"C14H10N2O2","InChI=1S/C14H10N2O2/c15-9-5-6-10(16)12-11(9)13(17)7-3-1-2-4-8(7)14(12)18/h1-6H,15-16H2"
7505,"C7H5N","InChI=1S/C7H5N/c8-6-7-4-2-1-3-5-7/h1-5H"
9007,"C7H8O2","InChI=1S/C7H8O2/c1-9-7-4-2-3-6(8)5-7/h2-5,8H,1H3"
6423,"CCl3NO2","InChI=1S/CCl3NO2/c2-1(3,4)5(6)7"
7503,"C7H7Cl","InChI=1S/C7H7Cl/c8-6-7-4-2-1-3-5-7/h1-5H,6H2"
11583,"C6H12O","InChI=1S/C6H12O/c1-3-4-5-6(2)7/h3-5H2,1-2H3"
7239,"C6H4Cl2","InChI=1S/C6H4Cl2/c7-5-3-1-2-4-6(5)8/h1-4H"
6419,"C2HCl5","InChI=1S/C2HCl5/c3-1(4)2(5,6)7/h1H"
6366,"C2H2Cl2","InChI=1S/C2H2Cl2/c1-2(3)4/h1H2"
33500,"C14H16F3N3O4","InChI=1S/C14H16F3N3O4/c1-2-5-18(8-9-3-4-9)13-11(19(21)22)6-10(14(15,16)17)7-12(13)20(23)24/h6-7,9H,2-5,8H2,1H3"
12369,"C7H15Br","InChI=1S/C7H15Br/c1-2-3-4-5-6-7-8/h2-7H2,1H3"
25146,"C14H17ClNO4PS2","InChI=1S/C14H17ClNO4PS2/c1-3-19-21(22,20-4-2)23-12(9-15)16-13(17)10-7-5-6-8-11(10)14(16)18/h5-8,12H,3-4,9H2,1-2H3"
15546,"C10H8ClN3O","InChI=1S/C10H8ClN3O/c11-9-8(12)6-13-14(10(9)15)7-4-2-1-3-5-7/h1-6H,12H2"
11542,"C7H16","InChI=1S/C7H16/c1-5-6-7(2,3)4/h5-6H2,1-4H3"
31423,"C16H10","InChI=1S/C16H10/c1-3-11-7-9-13-5-2-6-14-10-8-12(4-1)15(11)16(13)14/h1-10H"
8908,"C8H16O2","InChI=1S/C8H16O2/c1-3-4-5-6-7-10-8(2)9/h3-7H2,1-2H3"
11229,"C7H16","InChI=1S/C7H16/c1-5-7(3,4)6-2/h5-6H2,1-4H3"
7043,"C8H10O2","InChI=1S/C8H10O2/c1-9-7-5-3-4-6-8(7)10-2/h3-6H,1-2H3"
96257,"C3H6N2O6","InChI=1S/C3H6N2O6/c6-4(7)10-2-1-3-11-5(8)9/h1-3H2"
84179,"C10H13NO","InChI=1S/C10H13NO/c1-8-4-6-9(7-5-8)10(12)11(2)3/h4-7H,1-3H3"
13394,"C7H5NO","InChI=1S/C7H5NO/c8-5-6-2-1-3-7(9)4-6/h1-4,9H"
7950,"C6H3Cl3","InChI=1S/C6H3Cl3/c7-4-1-5(8)3-6(9)2-4/h1-3H"
8078,"C6H12","InChI=1S/C6H12/c1-2-4-6-5-3-1/h1-6H2"
34591,"C8H12N2","InChI=1S/C8H12N2/c1-7(2)5-8-6-9-3-4-10-8/h3-4,6-7H,5H2,1-2H3"
20848,"C13H19N3O6S","InChI=1S/C13H19N3O6S/c1-4-6-14(7-5-2)13-11(15(17)18)8-10(23(3,21)22)9-12(13)16(19)20/h8-9H,4-7H2,1-3H3"
77650,"C6H11NO","InChI=1S/C6H11NO/c1-6(8)7-4-2-3-5-7/h2-5H2,1H3"
69672,"C4H3IN2O2","InChI=1S/C4H3IN2O2/c5-2-1-6-4(9)7-3(2)8/h1H,(H2,6,7,8,9)"
980,"C6H5NO3","InChI=1S/C6H5NO3/c8-6-3-1-5(2-4-6)7(9)10/h1-4,8H"
7674,"C8H10O","InChI=1S/C8H10O/c1-2-9-8-6-4-3-5-7-8/h3-7H,2H2,1H3"
53167,"C5H12N2","InChI=1S/C5H12N2/c1-7-4-2-6-3-5-7/h6H,2-5H2,1H3"
6809,"C8H5NO2","InChI=1S/C8H5NO2/c10-7-5-3-1-2-4-6(5)8(11)9-7/h1-4H,(H,9,10,11)"
6351,"C3H6","InChI=1S/C3H6/c1-2-3-1/h1-3H2"
12287,"C5H4ClN","InChI=1S/C5H4ClN/c6-5-2-1-3-7-4-5/h1-4H"
5281168,"C6H10O","InChI=1S/C6H10O/c1-2-3-4-5-6-7/h4-6H,2-3H2,1H3/b5-4+"
8002,"C4H9Br","InChI=1S/C4H9Br/c1-2-3-4-5/h2-4H2,1H3"
931,"C10H8","InChI=1S/C10H8/c1-2-6-10-8-4-3-7-9(10)5-1/h1-8H"
8027,"C4H5N","InChI=1S/C4H5N/c1-2-4-5-3-1/h1-5H"
48889,"C12H4Cl4O2","InChI=1S/C12H4Cl4O2/c13-5-1-2-7-8(3-5)17-9-4-6(14)10(15)11(16)12(9)18-7/h1-4H"
15625,"C12H4Cl4O2","InChI=1S/C12H4Cl4O2/c13-5-1-9-10(2-6(5)14)18-12-4-8(16)7(15)3-11(12)17-9/h1-4H"
6998,"C7H6O2","InChI=1S/C7H6O2/c8-5-6-3-1-2-4-7(6)9/h1-5,9H"
7501,"C8H8","InChI=1S/C8H8/c1-2-8-6-4-3-5-7-8/h2-7H,1H2"
22386,"C5H12O","InChI=1S/C5H12O/c1-3-4-5(2)6/h5-6H,3-4H2,1-2H3"
10974,"C4H9NO3","InChI=1S/C4H9NO3/c1-4(2)3-8-5(6)7/h4H,3H2,1-2H3"
2244,"C9H8O4","InChI=1S/C9H8O4/c1-6(10)13-8-5-3-2-4-7(8)9(11)12/h2-5H,1H3,(H,11,12)"
31242,"C8H10O","InChI=1S/C8H10O/c1-2-7-3-5-8(9)6-4-7/h3-6,9H,2H2,1H3"
2879,"C7H8O","InChI=1S/C7H8O/c1-6-2-4-7(8)5-3-6/h2-5,8H,1H3"
10430,"C5H10O2","InChI=1S/C5H10O2/c1-4(2)3-5(6)7/h4H,3H2,1-2H3,(H,6,7)"
8902,"C6H15N","InChI=1S/C6H15N/c1-3-5-7-6-4-2/h7H,3-6H2,1-2H3"
38251,"C12H2Cl6O2","InChI=1S/C12H2Cl6O2/c13-3-1-5-6(2-4(3)14)20-12-10(18)8(16)7(15)9(17)11(12)19-5/h1-2H"
1049,"C5H5N","InChI=1S/C5H5N/c1-2-4-6-5-3-1/h1-5H"
11940,"C14H12","InChI=1S/C14H12/c1-2-6-12-10-14-8-4-3-7-13(14)9-11(12)5-1/h1-8H,9-10H2"
8030,"C4H4S","InChI=1S/C4H4S/c1-2-4-5-3-1/h1-4H"
8255,"C4H8","InChI=1S/C4H8/c1-4(2)3/h1H2,2-3H3"
6212,"CHCl3","InChI=1S/CHCl3/c2-1(3)4/h1H"
6409,"C2H3F3O","InChI=1S/C2H3F3O/c3-2(4,5)1-6/h6H,1H2"
8252,"C3H6","InChI=1S/C3H6/c1-3-2/h3H,1H2,2H3"
176,"C2H4O2","InChI=1S/C2H4O2/c1-2(3)4/h1H3,(H,3,4)"
11903,"C9H12","InChI=1S/C9H12/c1-3-9-7-5-4-6-8(9)2/h4-7H,3H2,1-2H3"
13263,"C9H17N5S","InChI=1S/C9H17N5S/c1-5-10-7-12-8(11-6(2)3)14-9(13-7)15-4/h6H,5H2,1-4H3,(H2,10,11,12,13,14)"
241,"C6H6","InChI=1S/C6H6/c1-2-4-6-5-3-1/h1-6H"
19041,"C9H20","InChI=1S/C9H20/c1-8(2)6-7-9(3,4)5/h8H,6-7H2,1-5H3"
8020,"C3H8O2","InChI=1S/C3H8O2/c1-4-3-5-2/h3H2,1-2H3"
22188,"C9H13ClN2O2","InChI=1S/C9H13ClN2O2/c1-5-6(10)7(13)12(8(14)11-5)9(2,3)4/h1-4H3,(H,11,14)"
1031,"C3H8O","InChI=1S/C3H8O/c1-2-3-4/h4H,2-3H2,1H3"
7267,"C8H10O","InChI=1S/C8H10O/c1-6-3-4-7(2)8(9)5-6/h3-5,9H,1-2H3"
8174,"C10H22O","InChI=1S/C10H22O/c1-2-3-4-5-6-7-8-9-10-11/h11H,2-10H2,1H3"
356,"C8H18","InChI=1S/C8H18/c1-3-5-7-8-6-4-2/h3-8H2,1-2H3"
7240,"C6H6ClN","InChI=1S/C6H6ClN/c7-5-3-1-2-4-6(5)8/h1-4H,8H2"
7247,"C9H12","InChI=1S/C9H12/c1-7-4-5-8(2)9(3)6-7/h4-6H,1-3H3"
7242,"C7H9N","InChI=1S/C7H9N/c1-6-4-2-3-5-7(6)8/h2-5H,8H2,1H3"
31645,"C11H18N4O2","InChI=1S/C11H18N4O2/c1-7-8(2)12-10(14(3)4)13-9(7)17-11(16)15(5)6/h1-6H3"
21075956,"C3H6N2O6","InChI=1S/C3H6N2O6/c1-3(11-5(8)9)2-10-4(6)7/h3H,2H2,1H3/t3-/m0/s1"
8079,"C6H10","InChI=1S/C6H10/c1-2-4-6-5-3-1/h1-2H,3-6H2"
7809,"C8H10","InChI=1S/C8H10/c1-7-3-5-8(2)6-4-7/h3-6H,1-2H3"
753,"C3H8O3","InChI=1S/C3H8O3/c4-1-3(6)2-5/h3-6H,1-2H2"
7057,"C10H9N","InChI=1S/C10H9N/c11-10-6-5-8-3-1-2-4-9(8)7-10/h1-7H,11H2"
53479,"C9H9ClO4","InChI=1S/C9H9ClO4/c1-13-6-3-5(4-11)7(10)9(14-2)8(6)12/h3-4,12H,1-2H3"
13238893,"C9H10F3N","InChI=1S/C9H10F3N/c1-13(7-9(10,11)12)8-5-3-2-4-6-8/h2-6H,7H2,1H3"
11721,"C4H10O","InChI=1S/C4H10O/c1-4(2)5-3/h4H,1-3H3"
38306,"C12H3Cl7","InChI=1S/C12H3Cl7/c13-6-1-4(2-7(14)10(6)17)5-3-8(15)11(18)12(19)9(5)16/h1-3H"
688400,"C10H12N2O5","InChI=1S/C10H12N2O5/c1-3-6(2)8-4-7(11(14)15)5-9(10(8)13)12(16)17/h4-6,13H,3H2,1-2H3/t6-/m1/s1"
10405,"C9H18O","InChI=1S/C9H18O/c1-3-5-7-9(10)8-6-4-2/h3-8H2,1-2H3"
31347,"C4H8O2S","InChI=1S/C4H8O2S/c5-7(6)3-1-2-4-7/h1-4H2"
69720,"C10H14O3","InChI=1S/C10H14O3/c1-11-10(12-2,13-3)9-7-5-4-6-8-9/h4-8H,1-3H3"
17739,"C10H14O2","InChI=1S/C10H14O2/c1-3-4-8-5-6-9(11)10(7-8)12-2/h5-7,11H,3-4H2,1-2H3"
6368,"C2H4F2","InChI=1S/C2H4F2/c1-2(3)4/h2H,1H3"
3385,"C4H3FN2O2","InChI=1S/C4H3FN2O2/c5-2-1-6-4(9)7-3(2)8/h1H,(H2,6,7,8,9)"
8914,"C9H20O","InChI=1S/C9H20O/c1-2-3-4-5-6-7-8-9-10/h10H,2-9H2,1H3"
8894,"C5H10O","InChI=1S/C5H10O/c1-2-4-6-5-3-1/h1-5H2"
11575,"C6H5I","InChI=1S/C6H5I/c7-6-4-2-1-3-5-6/h1-5H"
11543,"C6H14O","InChI=1S/C6H14O/c1-4-5-6(2,3)7/h7H,4-5H2,1-3H3"
11643,"CH2ClF","InChI=1S/CH2ClF/c2-1-3/h1H2"
10686,"C9H12","InChI=1S/C9H12/c1-7-5-4-6-8(2)9(7)3/h4-6H,1-3H3"
8500,"C9H10O","InChI=1S/C9H10O/c1-7-3-5-9(6-4-7)8(2)10/h3-6H,1-2H3"
460,"C7H8O2","InChI=1S/C7H8O2/c1-9-7-5-3-2-4-6(7)8/h2-5,8H,1H3"
8121,"C6H10O4","InChI=1S/C6H10O4/c1-5(7)9-3-4-10-6(2)8/h3-4H2,1-2H3"
10864,"C11H16","InChI=1S/C11H16/c1-2-3-5-8-11-9-6-4-7-10-11/h4,6-7,9-10H,2-3,5,8H2,1H3"
8103,"C6H14O","InChI=1S/C6H14O/c1-2-3-4-5-6-7/h7H,2-6H2,1H3"
12217,"C8H16O2","InChI=1S/C8H16O2/c1-3-5-6-7-10-8(9)4-2/h3-7H2,1-2H3"
8051,"C7H14O","InChI=1S/C7H14O/c1-3-4-5-6-7(2)8/h3-6H2,1-2H3"
144702,"C5H11ClO3","InChI=1S/C5H11ClO3/c1-7-5(4-6,8-2)9-3/h4H2,1-3H3"
957,"C8H18O","InChI=1S/C8H18O/c1-2-3-4-5-6-7-8-9/h9H,2-8H2,1H3"
8005,"C4H9Cl","InChI=1S/C4H9Cl/c1-2-3-4-5/h2-4H2,1H3"
8663,"C10H8O","InChI=1S/C10H8O/c11-10-6-5-8-3-1-2-4-9(8)7-10/h1-7,11H"
7967,"C6H10O","InChI=1S/C6H10O/c7-6-4-2-1-3-5-6/h1-5H2"
7765,"C6H14O2","InChI=1S/C6H14O2/c1-4-7-6(3)8-5-2/h6H,4-5H2,1-3H3"
7770,"C7H14O2","InChI=1S/C7H14O2/c1-3-5-7(8)9-6-4-2/h3-6H2,1-2H3"
31285,"C9H18","InChI=1S/C9H18/c1-3-5-7-9-8-6-4-2/h3H,1,4-9H2,2H3"
11304,"C12H12","InChI=1S/C12H12/c1-9-7-8-10(2)12-6-4-3-5-11(9)12/h3-8H,1-2H3"
4650,"C6H4O2","InChI=1S/C6H4O2/c7-5-1-2-6(8)4-3-5/h1-4H"
8057,"C5H11Br","InChI=1S/C5H11Br/c1-2-3-4-5-6/h2-5H2,1H3"
7407,"C9H10","InChI=1S/C9H10/c1-8(2)9-6-4-3-5-7-9/h3-7H,1H2,2H3"
6278,"C2H3Cl3","InChI=1S/C2H3Cl3/c1-2(3,4)5/h1H3"
6344,"CH2Cl2","InChI=1S/CH2Cl2/c2-1-3/h1H2"
7304,"C5H7N","InChI=1S/C5H7N/c1-6-4-2-3-5-6/h2-5H,1H3"
7423,"C6H6N2O2","InChI=1S/C6H6N2O2/c7-5-2-1-3-6(4-5)8(9)10/h1-4H,7H2"
30209,"C6H13NO3","InChI=1S/C6H13NO3/c1-2-3-4-5-6-10-7(8)9/h2-6H2,1H3"
8640,"C10H9N","InChI=1S/C10H9N/c11-10-7-3-5-8-4-1-2-6-9(8)10/h1-7H,11H2"
180,"C3H6O","InChI=1S/C3H6O/c1-3(2)4/h1-2H3"
8452,"C5H8O","InChI=1S/C5H8O/c6-5-3-1-2-4-5/h1-4H2"
7150,"C8H8O2","InChI=1S/C8H8O2/c1-10-8(9)7-5-3-2-4-6-7/h2-6H,1H3"
240,"C7H6O","InChI=1S/C7H6O/c8-6-7-4-2-1-3-5-7/h1-6H"
7165,"C9H10O2","InChI=1S/C9H10O2/c1-2-11-9(10)8-6-4-3-5-7-8/h3-7H,2H2,1H3"
38254,"C12H3Cl5O2","InChI=1S/C12H3Cl5O2/c13-4-1-2-5-6(3-4)19-12-10(17)8(15)7(14)9(16)11(12)18-5/h1-3H"
6895,"C6H3Cl3","InChI=1S/C6H3Cl3/c7-4-2-1-3-5(8)6(4)9/h1-3H"
6584,"C3H6O2","InChI=1S/C3H6O2/c1-3(4)5-2/h1-2H3"
6365,"C2H4Cl2","InChI=1S/C2H4Cl2/c1-2(3)4/h2H,1H3"
11271,"C7H14O","InChI=1S/C7H14O/c1-5(2)7(8)6(3)4/h5-6H,1-4H3"
335,"C7H8O","InChI=1S/C7H8O/c1-6-4-2-3-5-7(6)8/h2-5,8H,1H3"
5802,"C4H3BrN2O2","InChI=1S/C4H3BrN2O2/c5-2-1-6-4(9)7-3(2)8/h1H,(H2,6,7,8,9)"
8004,"C5H10","InChI=1S/C5H10/c1-3-5-4-2/h3H,1,4-5H2,2H3"
11582,"C7H16","InChI=1S/C7H16/c1-4-5-6-7(2)3/h7H,4-6H2,1-3H3"
7818,"C6H14N2","InChI=1S/C6H14N2/c1-7-3-5-8(2)6-4-7/h3-6H2,1-2H3"
36613,"C12H6Cl2O2","InChI=1S/C12H6Cl2O2/c13-7-1-3-9-11(5-7)16-10-4-2-8(14)6-12(10)15-9/h1-6H"
11269,"C8H18","InChI=1S/C8H18/c1-6(2)8(5)7(3)4/h6-8H,1-5H3"
11916,"C9H11NO","InChI=1S/C9H11NO/c1-10(2)9(11)8-6-4-3-5-7-8/h3-7H,1-2H3"
7416,"C6H5NO2","InChI=1S/C6H5NO2/c8-7(9)6-4-2-1-3-5-6/h1-5H"
7732,"C7H9NO","InChI=1S/C7H9NO/c1-9-7-4-2-6(8)3-5-7/h2-5H,8H2,1H3"
12463,"C6H2Cl4","InChI=1S/C6H2Cl4/c7-3-1-2-4(8)6(10)5(3)9/h1-2H"
10870,"C10H14","InChI=1S/C10H14/c1-9(2)8-10-6-4-3-5-7-10/h3-7,9H,8H2,1-2H3"
7975,"C6H7N","InChI=1S/C6H7N/c1-6-4-2-3-5-7-6/h2-5H,1H3"
7977,"C5H4ClN","InChI=1S/C5H4ClN/c6-5-3-1-2-4-7-5/h1-4H"
12309,"C5H8","InChI=1S/C5H8/c1-3-5-4-2/h1H,4-5H2,2H3"
7854,"C3H5N","InChI=1S/C3H5N/c1-2-3-4/h2H2,1H3"
73272,"C4H3ClN2O2","InChI=1S/C4H3ClN2O2/c5-2-1-3(8)7-4(9)6-2/h1H,(H2,6,7,8,9)"
6328,"CH3I","InChI=1S/CH3I/c1-2/h1H3"
8323,"C14H9NO3","InChI=1S/C14H9NO3/c15-9-5-6-10(16)12-11(9)13(17)7-3-1-2-4-8(7)14(12)18/h1-6,16H,15H2"
8141,"C9H20","InChI=1S/C9H20/c1-3-5-7-9-8-6-4-2/h3-9H2,1-2H3"
1732,"C7H7ClO","InChI=1S/C7H7ClO/c1-5-4-6(9)2-3-7(5)8/h2-4,9H,1H3"
6327,"CH3Cl","InChI=1S/CH3Cl/c1-2/h1H3"
222536,"C6H10O4","InChI=1S/C6H10O4/c1-4(7)9-6(3)10-5(2)8/h6H,1-3H3"
643833,"C2H2Cl2","InChI=1S/C2H2Cl2/c3-1-2-4/h1-2H/b2-1-"
10740,"C14H12","InChI=1S/C14H12/c1-12(13-8-4-2-5-9-13)14-10-6-3-7-11-14/h2-11H,1H2"
10008,"C6H5F","InChI=1S/C6H5F/c7-6-4-2-1-3-5-6/h1-5H"
7805,"C7H7Br","InChI=1S/C7H7Br/c1-6-2-4-7(8)5-3-6/h2-5H,1H3"
445258,"C2HBrClF3","InChI=1S/C2HBrClF3/c3-1(4)2(5,6)7/h1H/t1-/m0/s1"
4685,"C6H4Cl2","InChI=1S/C6H4Cl2/c7-5-1-2-6(8)4-3-5/h1-4H"
6589,"C6H14","InChI=1S/C6H14/c1-5(2)6(3)4/h5-6H,1-4H3"
7937,"C7H9N","InChI=1S/C7H9N/c1-6-4-3-5-7(2)8-6/h3-5H,1-2H3"
6251,"C6H14O6","InChI=1S/C6H14O6/c7-1-3(9)5(11)6(12)4(10)2-8/h3-12H,1-2H2/t3-,4-,5-,6-/m1/s1"
8115,"C4H8Cl2O","InChI=1S/C4H8Cl2O/c5-1-3-7-4-2-6/h1-4H2"
8434,"C9H10O3","InChI=1S/C9H10O3/c1-2-12-9(11)7-3-5-8(10)6-4-7/h3-6,10H,2H2,1H3"
77918,"C10H10N2","InChI=1S/C10H10N2/c1-2-4-10(5-3-1)8-12-7-6-11-9-12/h1-7,9H,8H2"
76122,"C5H8O2","InChI=1S/C5H8O2/c1-7-5(6)4-2-3-4/h4H,2-3H2,1H3"
8071,"C4H10O2","InChI=1S/C4H10O2/c1-5-3-4-6-2/h3-4H2,1-2H3"
174,"C2H6O2","InChI=1S/C2H6O2/c3-1-2-4/h3-4H,1-2H2"
223106,"C8H4F6","InChI=1S/C8H4F6/c9-7(10,11)5-2-1-3-6(4-5)8(12,13)14/h1-4H"
12580,"C9H12O","InChI=1S/C9H12O/c1-2-3-8-4-6-9(10)7-5-8/h4-7,10H,2-3H2,1H3"
17756,"C5H12O2","InChI=1S/C5H12O2/c1-2-4-7-5-3-6/h6H,2-5H2,1H3"
3589,"C10H5Cl7","InChI=1S/C10H5Cl7/c11-4-2-1-3-5(4)9(15)7(13)6(12)8(3,14)10(9,16)17/h1-5H"
12375,"C6H14O2","InChI=1S/C6H14O2/c1-3-7-5-6-8-4-2/h3-6H2,1-2H3"
454,"C8H16O","InChI=1S/C8H16O/c1-2-3-4-5-6-7-8-9/h8H,2-7H2,1H3"
6564,"C3H6Cl2","InChI=1S/C3H6Cl2/c1-3(5)2-4/h3H,2H2,1H3"
11416,"C8H16","InChI=1S/C8H16/c1-7-5-3-4-6-8(7)2/h7-8H,3-6H2,1-2H3"
20274,"C7H15I","InChI=1S/C7H15I/c1-2-3-4-5-6-7-8/h2-7H2,1H3"
11610,"C7H14","InChI=1S/C7H14/c1-3-5-7-6-4-2/h3H,1,4-7H2,2H3"
7771,"C8H10O","InChI=1S/C8H10O/c1-6-3-4-8(9)7(2)5-6/h3-5,9H,1-2H3"
7991,"C5H10O2","InChI=1S/C5H10O2/c1-2-3-4-5(6)7/h2-4H2,1H3,(H,6,7)"
8370,"C6Cl6","InChI=1S/C6Cl6/c7-1-2(8)4(10)6(12)5(11)3(1)9"
31297,"CH3ClO2S","InChI=1S/CH3ClO2S/c1-5(2,3)4/h1H3"
7041,"C8H10O3","InChI=1S/C8H10O3/c1-10-6-4-3-5-7(11-2)8(6)9/h3-5,9H,1-2H3"
6115,"C6H7N","InChI=1S/C6H7N/c7-6-4-2-1-3-5-6/h1-5H,7H2"
10823,"C7H9N","InChI=1S/C7H9N/c1-2-7-4-3-5-8-6-7/h3-6H,2H2,1H3"
8061,"C5H9N","InChI=1S/C5H9N/c1-2-3-4-5-6/h2-4H2,1H3"
8052,"C6H12O2","InChI=1S/C6H12O2/c1-6(2)3-4-8-5-7/h5-6H,3-4H2,1-2H3"
12350,"C7H12","InChI=1S/C7H12/c1-3-5-7-6-4-2/h1H,4-7H2,2H3"
84440,"C11H16O3","InChI=1S/C11H16O3/c1-3-12-11(13-4-2)14-10-8-6-5-7-9-10/h5-9,11H,3-4H2,1-2H3"
4044,"C15H15NO2","InChI=1S/C15H15NO2/c1-10-6-5-9-13(11(10)2)16-14-8-4-3-7-12(14)15(17)18/h3-9,16H,1-2H3,(H,17,18)"
81226,"C3H5NO4","InChI=1S/C3H5NO4/c1-3(5)2-8-4(6)7/h2H2,1H3"
9609,"C4H10S","InChI=1S/C4H10S/c1-3-5-4-2/h3-4H2,1-2H3"
8341,"C14H9NO2","InChI=1S/C14H9NO2/c15-8-5-6-11-12(7-8)14(17)10-4-2-1-3-9(10)13(11)16/h1-7H,15H2"
16441,"C10H14O","InChI=1S/C10H14O/c1-8(2)10-5-3-9(7-11)4-6-10/h3,7,10H,1,4-6H2,2H3"
7506,"C6H4N2","InChI=1S/C6H4N2/c7-5-6-1-3-8-4-2-6/h1-4H"
8118,"C6H14S","InChI=1S/C6H14S/c1-3-5-7-6-4-2/h3-6H2,1-2H3"
7301,"C5H10O","InChI=1S/C5H10O/c1-5-3-2-4-6-5/h5H,2-4H2,1H3"
6947,"C6H5NO3","InChI=1S/C6H5NO3/c8-6-4-2-1-3-5(6)7(9)10/h1-4,8H"
7000,"C7H9NO","InChI=1S/C7H9NO/c1-9-7-5-3-2-4-6(7)8/h2-5H,8H2,1H3"
34468,"C11H13F3N4O4","InChI=1S/C11H13F3N4O4/c1-3-16(4-2)9-7(17(19)20)5-6(11(12,13)14)8(15)10(9)18(21)22/h5H,3-4,15H2,1-2H3"
8129,"C7H16O","InChI=1S/C7H16O/c1-2-3-4-5-6-7-8/h8H,2-7H2,1H3"
10326,"C9H10","InChI=1S/C9H10/c1-2-5-9-7-3-6-8(9)4-1/h1-2,4-5H,3,6-7H2"
11387,"C12H12","InChI=1S/C12H12/c1-9-3-5-12-8-10(2)4-6-11(12)7-9/h3-8H,1-2H3"
7845,"C4H6","InChI=1S/C4H6/c1-3-4-2/h3-4H,1-2H2"
7910,"C6H14O","InChI=1S/C6H14O/c1-5(2)4-6(3)7/h5-7H,4H2,1-3H3"
6360,"C4H10","InChI=1S/C4H10/c1-4(2)3/h4H,1-3H3"
9570071,"C7H14N2O2S","InChI=1S/C7H14N2O2S/c1-7(2,12-4)5-9-11-6(10)8-3/h5H,1-4H3,(H,8,10)/b9-5+"
26331,"C6H8N2","InChI=1S/C6H8N2/c1-2-6-5-7-3-4-8-6/h3-5H,2H2,1H3"
878,"CH4S","InChI=1S/CH4S/c1-2/h2H,1H3"
14315,"C12H12","InChI=1S/C12H12/c1-2-10-7-5-8-11-6-3-4-9-12(10)11/h3-9H,2H2,1H3"
40818,"C2H4N2O6","InChI=1S/C2H4N2O6/c5-3(6)9-1-2-10-4(7)8/h1-2H2"
2160,"C20H23N","InChI=1S/C20H23N/c1-21(2)15-7-12-20-18-10-5-3-8-16(18)13-14-17-9-4-6-11-19(17)20/h3-6,8-12H,7,13-15H2,1-2H3"
8059,"C4H8Cl2","InChI=1S/C4H8Cl2/c5-3-1-2-4-6/h1-4H2"
11597,"C6H12","InChI=1S/C6H12/c1-3-5-6-4-2/h3H,1,4-6H2,2H3"
244,"C7H8O","InChI=1S/C7H8O/c8-6-7-4-2-1-3-5-7/h1-5,8H,6H2"
949,"C8H11N","InChI=1S/C8H11N/c1-9(2)8-6-4-3-5-7-8/h3-7H,1-2H3"
6416,"C6H12O","InChI=1S/C6H12O/c1-5(7)6(2,3)4/h1-4H3"
4116,"C3H4Cl2F2O","InChI=1S/C3H4Cl2F2O/c1-8-3(6,7)2(4)5/h2H,1H3"
38252,"C12H7ClO2","InChI=1S/C12H7ClO2/c13-8-5-6-11-12(7-8)15-10-4-2-1-3-9(10)14-11/h1-7H"
12180,"C5H10O2","InChI=1S/C5H10O2/c1-3-4-5(6)7-2/h3-4H2,1-2H3"
3017,"C12H21N2O3PS","InChI=1S/C12H21N2O3PS/c1-6-15-18(19,16-7-2)17-11-8-10(5)13-12(14-11)9(3)4/h8-9H,6-7H2,1-5H3"
7406,"C9H12","InChI=1S/C9H12/c1-8(2)9-6-4-3-5-7-9/h3-8H,1-2H3"
8003,"C5H12","InChI=1S/C5H12/c1-3-5-4-2/h3-5H2,1-2H3"
16318,"C12Cl10","InChI=1S/C12Cl10/c13-3-1(4(14)8(18)11(21)7(3)17)2-5(15)9(19)12(22)10(20)6(2)16"
7393,"C10H14O","InChI=1S/C10H14O/c1-10(2,3)8-4-6-9(11)7-5-8/h4-7,11H,1-3H3"
31276,"C7H14O2","InChI=1S/C7H14O2/c1-6(2)4-5-9-7(3)8/h6H,4-5H2,1-3H3"
11386,"C12H12","InChI=1S/C12H12/c1-9-7-11-5-3-4-6-12(11)8-10(9)2/h3-8H,1-2H3"
83439,"C6F12","InChI=1S/2C3F6/c2*4-1(2(5)6)3(7,8)9"
1390,"C4H6N2","InChI=1S/C4H6N2/c1-6-3-2-5-4-6/h2-4H,1H3"
15050,"C5H12O3","InChI=1S/C5H12O3/c1-5(6-2,7-3)8-4/h1-4H3"
35454,"C12H4Cl4O2","InChI=1S/C12H4Cl4O2/c13-7-8(14)10(16)12-11(9(7)15)17-5-3-1-2-4-6(5)18-12/h1-4H"
7813,"C7H9N","InChI=1S/C7H9N/c1-6-2-4-7(8)5-3-6/h2-5H,8H2,1H3"
7969,"C6H6S","InChI=1S/C6H6S/c7-6-4-2-1-3-5-6/h1-5,7H"
37247,"C12H7Cl3","InChI=1S/C12H7Cl3/c13-9-6-10(14)12(11(15)7-9)8-4-2-1-3-5-8/h1-7H"
91662,"C12H5Cl5","InChI=1S/C12H5Cl5/c13-6-4-9(16)12(10(17)5-6)11-7(14)2-1-3-8(11)15/h1-5H"
6896,"C8H11N","InChI=1S/C8H11N/c1-6-4-3-5-7(2)8(6)9/h3-5H,9H2,1-2H3"
81713,"C10H13NO2","InChI=1S/C10H13NO2/c1-11(2)10(12)8-4-6-9(13-3)7-5-8/h4-7H,1-3H3"
26447,"C10H18O","InChI=1S/C10H18O/c1-7(2)9-5-4-8(3)6-10(9)11/h7-9H,4-6H2,1-3H3/t8-,9+/m1/s1"
6561,"C4H8O","InChI=1S/C4H8O/c1-4(2)3-5/h3-4H,1-2H3"
222,"H3N","InChI=1S/H3N/h1H3"
11327,"C12H12","InChI=1S/C12H12/c1-9-7-10(2)12-6-4-3-5-11(12)8-9/h3-8H,1-2H3"
11598,"C6H10","InChI=1S/C6H10/c1-3-5-6-4-2/h3-4H,1-2,5-6H2"
674,"C2H7N","InChI=1S/C2H7N/c1-3-2/h3H,1-2H3"
3030,"C8H6Cl2O3","InChI=1S/C8H6Cl2O3/c1-13-7-5(10)3-2-4(9)6(7)8(11)12/h2-3H,1H3,(H,11,12)"
13195,"C4H6N2","InChI=1S/C4H6N2/c1-4-2-5-3-6-4/h2-3H,1H3,(H,5,6)"
6944,"C7H7NO2","InChI=1S/C7H7NO2/c1-6-4-2-3-5-7(6)8(9)10/h2-5H,1H3"
141897,"C6H14O4","InChI=1S/C6H14O4/c1-7-5-6(8-2,9-3)10-4/h5H2,1-4H3"
6276,"C5H12O","InChI=1S/C5H12O/c1-2-3-4-5-6/h6H,2-5H2,1H3"
6497,"C2H6O4S","InChI=1S/C2H6O4S/c1-5-7(3,4)6-2/h1-2H3"
8019,"C3H8O2","InChI=1S/C3H8O2/c1-5-3-2-4/h4H,2-3H2,1H3"
7296,"C6H12","InChI=1S/C6H12/c1-6-4-2-3-5-6/h6H,2-5H2,1H3"
7047,"C9H7N","InChI=1S/C9H7N/c1-2-6-9-8(4-1)5-3-7-10-9/h1-7H"
8133,"C6H14O2","InChI=1S/C6H14O2/c1-2-3-5-8-6-4-7/h7H,2-6H2,1H3"
14109,"C12H18","InChI=1S/C12H18/c1-2-3-4-6-9-12-10-7-5-8-11-12/h5,7-8,10-11H,2-4,6,9H2,1H3"
7803,"C6H12O2","InChI=1S/C6H12O2/c1-3-5-8-6(7)4-2/h3-5H2,1-2H3"
8077,"C4H10S2","InChI=1S/C4H10S2/c1-3-5-6-4-2/h3-4H2,1-2H3"
7144,"C8H10O2","InChI=1S/C8H10O2/c1-6-3-4-7(9)8(5-6)10-2/h3-5,9H,1-2H3"
6403,"C6H14","InChI=1S/C6H14/c1-5-6(2,3)4/h5H2,1-4H3"
6946,"C6H6N2O2","InChI=1S/C6H6N2O2/c7-5-3-1-2-4-6(5)8(9)10/h1-4H,7H2"
31373,"C2Cl4","InChI=1S/C2Cl4/c3-1(4)2(5)6"
31260,"C5H12O","InChI=1S/C5H12O/c1-5(2)3-4-6/h5-6H,3-4H2,1-2H3"
7970,"C6H7N","InChI=1S/C6H7N/c1-6-3-2-4-7-5-6/h2-5H,1H3"
12302,"C4H9NO2","InChI=1S/C4H9NO2/c1-2-3-4-5(6)7/h2-4H2,1H3"
3059,"C13H8F2O3","InChI=1S/C13H8F2O3/c14-8-2-3-9(11(15)6-8)7-1-4-12(16)10(5-7)13(17)18/h1-6,16H,(H,17,18)"
8102,"C6H15N","InChI=1S/C6H15N/c1-2-3-4-5-6-7/h2-7H2,1H3"
16900,"C8H14O","InChI=1S/C8H14O/c1-2-3-4-5-6-7-8-9/h6-8H,2-5H2,1H3"
7475,"C6H6N2O2","InChI=1S/C6H6N2O2/c7-5-1-3-6(4-2-5)8(9)10/h1-4H,7H2"
6325,"C2H4","InChI=1S/C2H4/c1-2/h1-2H2"
7583,"C12H10O","InChI=1S/C12H10O/c1-3-7-11(8-4-1)13-12-9-5-2-6-10-12/h1-10H"
10541,"C3H9O4P","InChI=1S/C3H9O4P/c1-5-8(4,6-2)7-3/h1-3H3"
7725,"C8H8O","InChI=1S/C8H8O/c1-7-2-4-8(6-9)5-3-7/h2-6H,1H3"
6591,"C2H2Cl4","InChI=1S/C2H2Cl4/c3-1(4)2(5)6/h1-2H"
53476,"C9H8Cl2O4","InChI=1S/C9H8Cl2O4/c1-14-8-5(10)4(3-12)6(11)9(15-2)7(8)13/h3,13H,1-2H3"
5541,"C9H14O6","InChI=1S/C9H14O6/c1-6(10)13-4-9(15-8(3)12)5-14-7(2)11/h9H,4-5H2,1-3H3"
7175,"C10H12O3","InChI=1S/C10H12O3/c1-2-7-13-10(12)8-3-5-9(11)6-4-8/h3-6,11H,2,7H2,1H3"
10371,"C6H5NO","InChI=1S/C6H5NO/c8-5-6-2-1-3-7-4-6/h1-5H"
6563,"C4H9Cl","InChI=1S/C4H9Cl/c1-3-4(2)5/h4H,3H2,1-2H3"
7956,"C3H3N3O3","InChI=1S/C3H3N3O3/c7-1-4-2(8)6-3(9)5-1/h(H3,4,5,6,7,8,9)"
8143,"C8H19N","InChI=1S/C8H19N/c1-2-3-4-5-6-7-8-9/h2-9H2,1H3"
12527,"C6H13I","InChI=1S/C6H13I/c1-2-3-4-5-6-7/h2-6H2,1H3"
7932,"C6H6ClN","InChI=1S/C6H6ClN/c7-5-2-1-3-6(8)4-5/h1-4H,8H2"
10422,"C3H7N","InChI=1S/C3H7N/c1-2-4-3-1/h4H,1-3H2"
6555,"C4H9Br","InChI=1S/C4H9Br/c1-4(2)3-5/h4H,3H2,1-2H3"
9774,"C3H5F3O","InChI=1S/C3H5F3O/c1-2(7)3(4,5)6/h2,7H,1H3"
27588,"C12H6Cl4","InChI=1S/C12H6Cl4/c13-7-3-1-4-8(14)11(7)12-9(15)5-2-6-10(12)16/h1-6H"
10822,"C7H9N","InChI=1S/C7H9N/c1-2-7-3-5-8-6-4-7/h3-6H,2H2,1H3"
8082,"C5H11N","InChI=1S/C5H11N/c1-2-4-6-5-3-1/h6H,1-5H2"
7476,"C9H10O2","InChI=1S/C9H10O2/c1-7(10)8-3-5-9(11-2)6-4-8/h3-6H,1-2H3"
6604183,"C4H8Cl3O4P","InChI=1S/C4H8Cl3O4P/c1-10-12(9,11-2)3(8)4(5,6)7/h3,8H,1-2H3/t3-/m1/s1"
13450,"C10H19N5S","InChI=1S/C10H19N5S/c1-6-11-7-12-8(15-10(2,3)4)14-9(13-7)16-5/h6H2,1-5H3,(H2,11,12,13,14,15)"
9589,"C7H7NO","InChI=1S/C7H7NO/c1-6(9)7-3-2-4-8-5-7/h2-5H,1H3"
9818,"C8H4F6","InChI=1S/C8H4F6/c9-7(10,11)5-3-1-2-4-6(5)8(12,13)14/h1-4H"
5943,"CCl4","InChI=1S/CCl4/c2-1(3,4)5"
36980,"C12H8Cl2","InChI=1S/C12H8Cl2/c13-10-6-7-12(14)11(8-10)9-4-2-1-3-5-9/h1-8H"
12291,"C6H13N","InChI=1S/C6H13N/c1-7-5-3-2-4-6-7/h2-6H2,1H3"
8418,"C14H10","InChI=1S/C14H10/c1-2-6-12-10-14-8-4-3-7-13(14)9-11(12)5-1/h1-10H"
16270,"C8H16","InChI=1S/C8H16/c1-2-5-8-6-3-4-7-8/h8H,2-7H2,1H3"
7668,"C9H12","InChI=1S/C9H12/c1-2-6-9-7-4-3-5-8-9/h3-5,7-8H,2,6H2,1H3"
7351,"C8H16O2","InChI=1S/C8H16O2/c1-6(2)5-10-8(9)7(3)4/h6-7H,5H2,1-4H3"
31268,"C4H9N","InChI=1S/C4H9N/c1-2-4-5-3-1/h5H,1-4H2"
6338,"C2H3Cl","InChI=1S/C2H3Cl/c1-2-3/h2H,1H2"
447466,"C4H6O","InChI=1S/C4H6O/c1-2-3-4-5/h2-4H,1H3/b3-2+"
10107,"C12H14Cl3O4P","InChI=1S/C12H14Cl3O4P/c1-3-17-20(16,18-4-2)19-12(8-13)10-6-5-9(14)7-11(10)15/h5-8H,3-4H2,1-2H3"
11574,"C7H12","InChI=1S/C7H12/c1-7-5-3-2-4-6-7/h5H,2-4,6H2,1H3"
10882,"C7H14O2","InChI=1S/C7H14O2/c1-3-5-6-7(8)9-4-2/h3-6H2,1-2H3"
2566,"C12H15NO3","InChI=1S/C12H15NO3/c1-12(2)7-8-5-4-6-9(10(8)16-12)15-11(14)13-3/h4-6H,7H2,1-3H3,(H,13,14)"
527,"C3H6O","InChI=1S/C3H6O/c1-2-3-4/h3H,2H2,1H3"
6346,"CH2I2","InChI=1S/CH2I2/c2-1-3/h1H2"
37037,"C12H3Cl7","InChI=1S/C12H3Cl7/c13-6-2-1-4(8(15)10(6)17)5-3-7(14)11(18)12(19)9(5)16/h1-3H"
93462,"C8H8Cl2O3","InChI=1S/C8H8Cl2O3/c1-12-7-4(9)3-5(10)8(13-2)6(7)11/h3,11H,1-2H3"
6329,"CH5N","InChI=1S/CH5N/c1-2/h2H2,1H3"
85254,"C2H5NO4","InChI=1S/C2H5NO4/c4-1-2-7-3(5)6/h4H,1-2H2"
5993,"C10H6Cl8","InChI=1S/C10H6Cl8/c11-3-1-2-4(5(3)12)9(16)7(14)6(13)8(2,15)10(9,17)18/h2-5H,1H2"
31275,"C4H8O2","InChI=1S/C4H8O2/c1-2-6-4-3-5-1/h1-4H2"
7249,"C8H10O","InChI=1S/C8H10O/c1-6-3-4-8(9)5-7(6)2/h3-5,9H,1-2H3"
6393,"CF4","InChI=1S/CF4/c2-1(3,4)5"
14282,"C7H7NO","InChI=1S/C7H7NO/c1-6(9)7-2-4-8-5-3-7/h2-5H,1H3"
7270,"C6H2Cl4","InChI=1S/C6H2Cl4/c7-3-1-4(8)6(10)2-5(3)9/h1-2H"
8058,"C6H14","InChI=1S/C6H14/c1-3-5-6-4-2/h3-6H2,1-2H3"
21269179,"C8H7F3O","InChI=1S/C8H7F3O/c9-7(10)8(11)12-6-4-2-1-3-5-6/h1-5,7-8H"
12257,"C4H8O2","InChI=1S/C4H8O2/c1-4(2)6-3-5/h3-4H,1-2H3"
7560,"C9H12N2O","InChI=1S/C9H12N2O/c1-11(2)9(12)10-8-6-4-3-5-7-8/h3-7H,1-2H3,(H,10,12)"
11519,"C8H18","InChI=1S/C8H18/c1-4-6-7-8(3)5-2/h8H,4-7H2,1-3H3"
10903,"C3H8O","InChI=1S/C3H8O/c1-3-4-2/h3H2,1-2H3"
8018,"C3H9NO","InChI=1S/C3H9NO/c1-5-3-2-4/h2-4H2,1H3"
7295,"C3H5ClO2","InChI=1S/C3H5ClO2/c1-6-3(5)2-4/h2H2,1H3"
442474,"C12H20O2","InChI=1S/C12H20O2/c1-6-12(5,14-11(4)13)9-7-8-10(2)3/h6,8H,1,7,9H2,2-5H3/t12-/m0/s1"
8857,"C4H8O2","InChI=1S/C4H8O2/c1-3-6-4(2)5/h3H2,1-2H3"
20748,"C8H14O2","InChI=1S/C8H14O2/c1-10-8(9)7-5-3-2-4-6-7/h7H,2-6H2,1H3"
7915,"C5H10O2","InChI=1S/C5H10O2/c1-4(2)7-5(3)6/h4H,1-3H3"
7523,"C7H9N","InChI=1S/C7H9N/c1-2-7-5-3-4-6-8-7/h3-6H,2H2,1H3"
7948,"C8H10O","InChI=1S/C8H10O/c1-6-3-7(2)5-8(9)4-6/h3-5,9H,1-2H3"
7966,"C6H12O","InChI=1S/C6H12O/c7-6-4-2-1-3-5-6/h6-7H,1-5H2"
8254,"C2H6O","InChI=1S/C2H6O/c1-3-2/h1-2H3"
995,"C14H10","InChI=1S/C14H10/c1-3-7-13-11(5-1)9-10-12-6-2-4-8-14(12)13/h1-10H"
7005,"C10H8O","InChI=1S/C10H8O/c11-10-7-3-5-8-4-1-2-6-9(8)10/h1-7,11H"
10486,"C4H9Cl","InChI=1S/C4H9Cl/c1-4(2,3)5/h1-3H3"
4684,"C6H5ClO","InChI=1S/C6H5ClO/c7-5-1-3-6(8)4-2-5/h1-4,8H"
7850,"C3H5Cl","InChI=1S/C3H5Cl/c1-2-3-4/h2H,1,3H2"
7892,"C6H14","InChI=1S/C6H14/c1-4-5-6(2)3/h6H,4-5H2,1-3H3"
8060,"C5H13N","InChI=1S/C5H13N/c1-2-3-4-5-6/h2-6H2,1H3"
7804,"C6H4Br2","InChI=1S/C6H4Br2/c7-5-1-2-6(8)4-3-5/h1-4H"
12371,"C7H15Cl","InChI=1S/C7H15Cl/c1-2-3-4-5-6-7-8/h2-7H2,1H3"
5569,"C13H16F3N3O4","InChI=1S/C13H16F3N3O4/c1-3-5-17(6-4-2)12-10(18(20)21)7-9(13(14,15)16)8-11(12)19(22)23/h7-8H,3-6H2,1-2H3"
11137,"C6H5NO3","InChI=1S/C6H5NO3/c8-6-3-1-2-5(4-6)7(9)10/h1-4,8H"
8127,"C7H17N","InChI=1S/C7H17N/c1-2-3-4-5-6-7-8/h2-8H2,1H3"
9707,"C6H5FO","InChI=1S/C6H5FO/c7-5-3-1-2-4-6(5)8/h1-4,8H"
12332,"C6H13NO","InChI=1S/C6H13NO/c1-2-3-4-5-6(7)8/h2-5H2,1H3,(H2,7,8)"
11428,"C5H12O","InChI=1S/C5H12O/c1-3-5(6)4-2/h5-6H,3-4H2,1-2H3"
37207,"C12H7ClO2","InChI=1S/C12H7ClO2/c13-8-4-3-7-11-12(8)15-10-6-2-1-5-9(10)14-11/h1-7H"
9321,"H4N2","InChI=1S/H4N2/c1-2/h1-2H2"
7519,"C7H8O","InChI=1S/C7H8O/c1-8-7-5-3-2-4-6-7/h2-6H,1H3"
7422,"C7H7NO2","InChI=1S/C7H7NO2/c1-6-3-2-4-7(5-6)8(9)10/h2-5H,1H3"
2730,"C9H11Cl3NO3PS","InChI=1S/C9H11Cl3NO3PS/c1-3-14-17(18,15-4-2)16-9-7(11)5-6(10)8(12)13-9/h5H,3-4H2,1-2H3"
3776,"C3H8O","InChI=1S/C3H8O/c1-3(2)4/h3-4H,1-2H3"
18927701,"C5H9F3O3","InChI=1S/C5H9F3O3/c1-9-5(10-2,11-3)4(6,7)8/h1-3H3"
6544,"C9H14O","InChI=1S/C9H14O/c1-7-4-8(10)6-9(2,3)5-7/h4H,5-6H2,1-3H3"
8163,"C11H22O","InChI=1S/C11H22O/c1-3-4-5-6-7-8-9-10-11(2)12/h3-10H2,1-2H3"
2519,"C8H10N4O2","InChI=1S/C8H10N4O2/c1-10-4-9-6-5(10)7(13)12(3)8(14)11(6)2/h4H,1-3H3"
8499,"C9H10O3","InChI=1S/C9H10O3/c1-11-8-5-3-7(4-6-8)9(10)12-2/h3-6H,1-2H3"
138975,"C9H10N2O3","InChI=1S/C9H10N2O3/c1-10(2)9(12)7-3-5-8(6-4-7)11(13)14/h3-6H,1-2H3"
8095,"C6H12O3","InChI=1S/C6H12O3/c1-3-8-4-5-9-6(2)7/h3-5H2,1-2H3"
10957,"C5H10O2","InChI=1S/C5H10O2/c1-5(2)3-7-4-6/h4-5H,3H2,1-2H3"
4933,"C9H9Cl2NO","InChI=1S/C9H9Cl2NO/c1-2-9(13)12-6-3-4-7(10)8(11)5-6/h3-5H,2H2,1H3,(H,12,13)"
31234,"C9H12O","InChI=1S/C9H12O/c10-8-4-7-9-5-2-1-3-6-9/h1-3,5-6,10H,4,7-8H2"
7410,"C8H8O","InChI=1S/C8H8O/c1-7(9)8-5-3-2-4-6-8/h2-6H,1H3"
6342,"C2H3N","InChI=1S/C2H3N/c1-2-3/h1H3"
8114,"C6H14O","InChI=1S/C6H14O/c1-3-5-7-6-4-2/h3-6H2,1-2H3"
10824,"C7H9NO","InChI=1S/C7H9NO/c1-9-7-4-2-3-6(8)5-7/h2-5H,8H2,1H3"
7997,"C5H10O2","InChI=1S/C5H10O2/c1-3-4-7-5(2)6/h3-4H2,1-2H3"
5558,"CHBr3","InChI=1S/CHBr3/c2-1(3)4/h1H"
7961,"C6H5Br","InChI=1S/C6H5Br/c7-6-4-2-1-3-5-6/h1-5H"
8091,"C9H18O2","InChI=1S/C9H18O2/c1-3-4-5-6-7-8-9(10)11-2/h3-8H2,1-2H3"
7964,"C6H5Cl","InChI=1S/C6H5Cl/c7-6-4-2-1-3-5-6/h1-5H"
11264,"C6H14O","InChI=1S/C6H14O/c1-4-6(7)5(2)3/h5-7H,4H2,1-3H3"
6575,"C2HCl3","InChI=1S/C2HCl3/c3-1-2(4)5/h1H"
61362,"C10H16O","InChI=1S/C10H16O/c1-7(2)9-5-4-8(3)6-10(9)11/h6-7,9H,4-5H2,1-3H3/t9-/m0/s1"
101,"C7H6O2","InChI=1S/C7H6O2/c8-5-6-2-1-3-7(9)4-6/h1-5,9H"
12232,"C2H6S2","InChI=1S/C2H6S2/c1-3-4-2/h1-2H3"
7840,"C3H7Br","InChI=1S/C3H7Br/c1-2-3-4/h2-3H2,1H3"
6384,"CBrF3","InChI=1S/CBrF3/c2-1(3,4)5"
795,"C3H4N2","InChI=1S/C3H4N2/c1-2-5-3-4-1/h1-3H,(H,4,5)"
3286,"C9H22O4P2S4","InChI=1S/C9H22O4P2S4/c1-5-10-14(16,11-6-2)18-9-19-15(17,12-7-3)13-8-4/h5-9H2,1-4H3"
1032,"C3H6O2","InChI=1S/C3H6O2/c1-2-3(4)5/h2H2,1H3,(H,4,5)"
7849,"C2H4BrCl","InChI=1S/C2H4BrCl/c3-1-2-4/h1-2H2"
10485,"C4H9Br","InChI=1S/C4H9Br/c1-4(2,3)5/h1-3H3"
7515,"C7H9N","InChI=1S/C7H9N/c1-8-7-5-3-2-4-6-7/h2-6,8H,1H3"
10553,"C5H10","InChI=1S/C5H10/c1-4-5(2)3/h4H,1-3H3"
5899,"C5H3F3N2O2","InChI=1S/C5H3F3N2O2/c6-5(7,8)2-1-9-4(12)10-3(2)11/h1H,(H2,9,10,11,12)"
13,"C6H3Cl3","InChI=1S/C6H3Cl3/c7-4-1-2-5(8)6(9)3-4/h1-3H"
2319,"C13H16F3N3O4","InChI=1S/C13H16F3N3O4/c1-3-5-6-17(4-2)12-10(18(20)21)7-9(13(14,15)16)8-11(12)19(22)23/h7-8H,3-6H2,1-2H3"
8130,"C7H14O","InChI=1S/C7H14O/c1-2-3-4-5-6-7-8/h7H,2-6H2,1H3"
8148,"C8H19N","InChI=1S/C8H19N/c1-3-5-7-9-8-6-4-2/h9H,3-8H2,1-2H3"
79123,"C4H9NO3","InChI=1S/C4H9NO3/c1-3-4(2)8-5(6)7/h4H,3H2,1-2H3"
7366,"C10H14","InChI=1S/C10H14/c1-10(2,3)9-7-5-4-6-8-9/h4-8H,1-3H3"
7184,"C11H14O3","InChI=1S/C11H14O3/c1-2-3-8-14-11(13)9-4-6-10(12)7-5-9/h4-7,12H,2-3,8H2,1H3"
21210,"C7H16O2","InChI=1S/C7H16O2/c1-3-4-5-9-6-7(2)8/h7-8H,3-6H2,1-2H3"
7749,"C5H10O2","InChI=1S/C5H10O2/c1-3-5(6)7-4-2/h3-4H2,1-2H3"
12178,"C6H14O","InChI=1S/C6H14O/c1-3-5-6(7)4-2/h6-7H,3-5H2,1-2H3"
8723,"C5H12O","InChI=1S/C5H12O/c1-3-5(2)4-6/h5-6H,3-4H2,1-2H3"
126,"C7H6O2","InChI=1S/C7H6O2/c8-5-6-1-3-7(9)4-2-6/h1-5,9H"
9253,"C5H10","InChI=1S/C5H10/c1-2-4-5-3-1/h1-5H2"
6228,"C3H7NO","InChI=1S/C3H7NO/c1-4(2)3-5/h3H,1-2H3"
178,"C2H5NO","InChI=1S/C2H5NO/c1-2(3)4/h1H3,(H2,3,4)"
6710,"C14H9NO2","InChI=1S/C14H9NO2/c15-11-7-3-6-10-12(11)14(17)9-5-2-1-4-8(9)13(10)16/h1-7H,15H2"
7933,"C6H5ClO","InChI=1S/C6H5ClO/c7-5-2-1-3-6(8)4-5/h1-4,8H"
3048,"C12H8Cl6O","InChI=1S/C12H8Cl6O/c13-8-9(14)11(16)5-3-1-2(6-7(3)19-6)4(5)10(8,15)12(11,17)18/h2-7H,1H2"
7858,"C3H6O","InChI=1S/C3H6O/c1-2-3-4/h2,4H,1,3H2"
2078,"C14H20ClNO2","InChI=1S/C14H20ClNO2/c1-4-11-7-6-8-12(5-2)14(11)16(10-18-3)13(17)9-15/h6-8H,4-5,9-10H2,1-3H3"
7500,"C8H10","InChI=1S/C8H10/c1-2-8-6-4-3-5-7-8/h3-7H,2H2,1H3"
637566,"C10H18O","InChI=1S/C10H18O/c1-9(2)5-4-6-10(3)7-8-11/h5,7,11H,4,6,8H2,1-3H3/b10-7+"
6408,"C2H2ClF3","InChI=1S/C2H2ClF3/c3-1-2(4,5)6/h1H2"
5216,"C7H12ClN5","InChI=1S/C7H12ClN5/c1-3-9-6-11-5(8)12-7(13-6)10-4-2/h3-4H2,1-2H3,(H2,9,10,11,12,13)"
264,"C4H8O2","InChI=1S/C4H8O2/c1-2-3-4(5)6/h2-3H2,1H3,(H,5,6)"
39253,"C12H2Cl8","InChI=1S/C12H2Cl8/c13-4-2-6(15)9(17)11(19)7(4)3-1-5(14)10(18)12(20)8(3)16/h1-2H"
8008,"C4H7N","InChI=1S/C4H7N/c1-2-3-4-5/h2-3H2,1H3"
6335,"C3H4","InChI=1S/C3H4/c1-3-2/h1H,2H3"
63079,"C12H4Cl6","InChI=1S/C12H4Cl6/c13-6-2-1-5(3-7(6)14)10-11(17)8(15)4-9(16)12(10)18/h1-4H"
6372,"CHClF2","InChI=1S/CHClF2/c2-1(3)4/h1H"
6587,"C2H5NO2","InChI=1S/C2H5NO2/c1-2-3(4)5/h2H2,1H3"
16666,"C10H20O","InChI=1S/C10H20O/c1-7(2)9-5-4-8(3)6-10(9)11/h7-11H,4-6H2,1-3H3/t8-,9+,10-/m1/s1"
7909,"C6H12O","InChI=1S/C6H12O/c1-5(2)4-6(3)7/h5H,4H2,1-3H3"
8021,"C4H11N","InChI=1S/C4H11N/c1-3-5-4-2/h5H,3-4H2,1-2H3"
6578,"C3H7NO","InChI=1S/C3H7NO/c1-2-3(4)5/h2H2,1H3,(H2,4,5)"
7907,"C7H16","InChI=1S/C7H16/c1-6(2)5-7(3)4/h6-7H,5H2,1-4H3"
8471,"C6H15N","InChI=1S/C6H15N/c1-4-7(5-2)6-3/h4-6H2,1-3H3"
11611,"C7H14","InChI=1S/C7H14/c1-3-5-7-6-4-2/h3,5H,4,6-7H2,1-2H3"
8063,"C5H10O","InChI=1S/C5H10O/c1-2-3-4-5-6/h5H,2-4H2,1H3"
12348,"C7H14O2","InChI=1S/C7H14O2/c1-3-4-5-6-9-7(2)8/h3-6H2,1-2H3"
12370,"C8H14","InChI=1S/C8H14/c1-3-5-7-8-6-4-2/h1H,4-8H2,2H3"
12335,"C5H11I","InChI=1S/C5H11I/c1-2-3-4-5-6/h2-5H2,1H3"
9732,"C6H5FO","InChI=1S/C6H5FO/c7-5-1-3-6(8)4-2-5/h1-4,8H"
7972,"C5H11NO","InChI=1S/C5H11NO/c1-6-2-4-7-5-3-6/h2-5H2,1H3"
261,"C4H8O","InChI=1S/C4H8O/c1-2-3-4-5/h4H,2-3H2,1H3"
679,"C2H6OS","InChI=1S/C2H6OS/c1-4(2)3/h1-2H3"
8038,"C6H12O2","InChI=1S/C6H12O2/c1-5(2)4-8-6(3)7/h5H,4H2,1-3H3"
8900,"C7H16","InChI=1S/C7H16/c1-3-5-7-6-4-2/h3-7H2,1-2H3"
11260,"C7H16","InChI=1S/C7H16/c1-5-7(4)6(2)3/h6-7H,5H2,1-4H3"
31300,"C2HBrF4","InChI=1S/C2HBrF4/c3-1(4)2(5,6)7/h1H"
342,"C7H8O","InChI=1S/C7H8O/c1-6-3-2-4-7(8)5-6/h2-5,8H,1H3"
7912,"C6H15N","InChI=1S/C6H15N/c1-5(2)7-6(3)4/h5-7H,1-4H3"
16003,"C10H21NOS","InChI=1S/C10H21NOS/c1-4-7-11(8-5-2)10(12)13-9-6-3/h4-9H2,1-3H3"
7812,"C6H6ClN","InChI=1S/C6H6ClN/c7-5-1-3-6(8)4-2-5/h1-4H,8H2"
11251,"C5H10O","InChI=1S/C5H10O/c1-4(2)5(3)6/h4H,1-3H3"
11420,"C7H9N","InChI=1S/C7H9N/c1-6-4-3-5-8-7(6)2/h3-5H,1-2H3"
8073,"C4H8O2","InChI=1S/C4H8O2/c1-2-3-6-4-5/h4H,2-3H2,1H3"
79,"C6H4N2","InChI=1S/C6H4N2/c7-4-6-2-1-3-8-5-6/h1-3,5H"
6557,"C5H8","InChI=1S/C5H8/c1-4-5(2)3/h4H,1-2H2,3H3"
10962,"C4H9I","InChI=1S/C4H9I/c1-2-3-4-5/h2-4H2,1H3"
13855,"C6H12O","InChI=1S/C6H12O/c1-5-3-4-6(2)7-5/h5-6H,3-4H2,1-2H3"
10784,"C6H5IO","InChI=1S/C6H5IO/c7-5-3-1-2-4-6(5)8/h1-4,8H"
144381,"C6H11NO3","InChI=1S/C6H11NO3/c1-8-6(9-2,10-3)4-5-7/h4H2,1-3H3"
13389,"C6H5NO","InChI=1S/C6H5NO/c8-5-6-1-3-7-4-2-6/h1-5H"
7705,"C10H14","InChI=1S/C10H14/c1-2-3-7-10-8-5-4-6-9-10/h4-6,8-9H,2-3,7H2,1H3"
7368,"C7H5F3","InChI=1S/C7H5F3/c8-7(9,10)6-4-2-1-3-5-6/h1-5H"
63088,"C12H5Cl5","InChI=1S/C12H5Cl5/c13-7-1-2-9(14)8(5-7)6-3-10(15)12(17)11(16)4-6/h1-5H"
38253,"C12H5Cl3O2","InChI=1S/C12H5Cl3O2/c13-6-5-7(14)11-12(10(6)15)17-9-4-2-1-3-8(9)16-11/h1-5H"
7936,"C7H9N","InChI=1S/C7H9N/c1-6-3-4-8-7(2)5-6/h3-5H,1-2H3"
8028,"C4H8O","InChI=1S/C4H8O/c1-2-4-5-3-1/h1-4H2"
10722,"C8H8O","InChI=1S/C8H8O/c1-7-4-2-3-5-8(7)6-9/h2-6H,1H3"
8882,"C5H8","InChI=1S/C5H8/c1-2-4-5-3-1/h1-2H,3-5H2"
7298,"C5H10O","InChI=1S/C5H10O/c6-5-3-1-2-4-5/h5-6H,1-4H2"
12358970,"C10H19O6PS2","InChI=1S/C10H19O6PS2/c1-5-15-9(11)7-8(10(12)16-6-2)19-17(18,13-3)14-4/h8H,5-7H2,1-4H3/t8-/m1/s1"
7976,"C5H6N2","InChI=1S/C5H6N2/c1-5-4-6-2-3-7-5/h2-4H,1H3"
6323,"CH3Br","InChI=1S/CH3Br/c1-2/h1H3"
10566,"C6H10","InChI=1S/C6H10/c1-5(2)6(3)4/h1,3H2,2,4H3"
6129,"C12H11NO2","InChI=1S/C12H11NO2/c1-13-12(14)15-11-8-4-6-9-5-2-3-7-10(9)11/h2-8H,1H3,(H,13,14)"
8140,"C8H17Br","InChI=1S/C8H17Br/c1-2-3-4-5-6-7-8-9/h2-8H2,1H3"
9893,"C3H3F3O2","InChI=1S/C3H3F3O2/c1-8-2(7)3(4,5)6/h1H3"
13567,"C4H9NO3","InChI=1S/C4H9NO3/c1-2-3-4-8-5(6)7/h2-4H2,1H3"
11638,"CH3F","InChI=1S/CH3F/c1-2/h1H3"
297,"CH4","InChI=1S/CH4/h1H4"
1068,"C2H6S","InChI=1S/C2H6S/c1-3-2/h1-2H3"
7962,"C7H14","InChI=1S/C7H14/c1-7-5-3-2-4-6-7/h7H,2-6H2,1H3"
21934815,"C5H12","InChI=1S/C3H6.C2H6/c1-3-2;1-2/h3H,1H2,2H3;1-2H3"
7747,"C4H5NO2","InChI=1S/C4H5NO2/c1-7-4(6)2-3-5/h2H2,1H3"
7846,"C4H6","InChI=1S/C4H6/c1-3-4-2/h1H,4H2,2H3"
11523,"C8H16","InChI=1S/C8H16/c1-7-3-5-8(2)6-4-7/h7-8H,3-6H2,1-2H3"
7852,"C3H9N","InChI=1S/C3H9N/c1-2-3-4/h2-4H2,1H3"
8125,"C8H16","InChI=1S/C8H16/c1-3-5-7-8-6-4-2/h3H,1,4-8H2,2H3"
4156,"C2H6O3S","InChI=1S/C2H6O3S/c1-5-6(2,3)4/h1-2H3"
1146,"C3H9N","InChI=1S/C3H9N/c1-4(2)3/h1-3H3"
11587,"C5H8","InChI=1S/C5H8/c1-3-5-4-2/h3-4H,1-2,5H2"
3024,"CH2Br2","InChI=1S/CH2Br2/c2-1-3/h1H2"
7258,"C6H4Cl2O","InChI=1S/C6H4Cl2O/c7-5-2-1-4(9)3-6(5)8/h1-3,9H"
991,"C10H14NO5PS","InChI=1S/C10H14NO5PS/c1-3-14-17(18,15-4-2)16-10-7-5-9(6-8-10)11(12)13/h5-8H,3-4H2,1-2H3"
8101,"C6H13Br","InChI=1S/C6H13Br/c1-2-3-4-5-6-7/h2-6H2,1H3"
8093,"C8H16O","InChI=1S/C8H16O/c1-3-4-5-6-7-8(2)9/h3-7H2,1-2H3"
7002,"C11H10","InChI=1S/C11H10/c1-9-5-4-7-10-6-2-3-8-11(9)10/h2-8H,1H3"
6358,"C3H7Br","InChI=1S/C3H7Br/c1-3(2)4/h3H,1-2H3"
4790,"C7H17O2PS3","InChI=1S/C7H17O2PS3/c1-4-8-10(11,9-5-2)13-7-12-6-3/h4-7H2,1-3H3"
7237,"C8H10","InChI=1S/C8H10/c1-7-5-3-4-6-8(7)2/h3-6H,1-2H3"
11526,"C7H9N","InChI=1S/C7H9N/c1-6-3-4-7(2)8-5-6/h3-5H,1-2H3"
36401,"C12H6Cl4","InChI=1S/C12H6Cl4/c13-9-6-8(7-4-2-1-3-5-7)10(14)12(16)11(9)15/h1-6H"
4837,"C4H10N2","InChI=1S/C4H10N2/c1-2-6-4-3-5-1/h5-6H,1-4H2"
64689,"C6H12O6","InChI=1S/C6H12O6/c7-1-2-3(8)4(9)5(10)6(11)12-2/h2-11H,1H2/t2-,3-,4+,5-,6-/m1/s1"
15758,"C4H3ClN2O2","InChI=1S/C4H3ClN2O2/c5-2-1-6-4(9)7-3(2)8/h1H,(H2,6,7,8,9)"
6853,"C13H10","InChI=1S/C13H10/c1-3-7-12-10(5-1)9-11-6-2-4-8-13(11)12/h1-8H,9H2"
12309460,"C9H6Cl6O3S","InChI=1S/C9H6Cl6O3S/c10-5-6(11)8(13)4-2-18-19(16)17-1-3(4)7(5,12)9(8,14)15/h3-4H,1-2H2/t3-,4+,7-,8+,19?"
12741,"C10H20O","InChI=1S/C10H20O/c1-3-4-5-6-7-8-9-10(2)11/h3-9H2,1-2H3"
8881,"C3H6Cl2","InChI=1S/C3H6Cl2/c4-2-1-3-5/h1-3H2"
8076,"C4H10O2","InChI=1S/C4H10O2/c1-2-6-4-3-5/h5H,2-4H2,1H3"
94221,"C10H16O","InChI=1S/C10H16O/c1-7(2)9-5-4-8(3)10(11)6-9/h4,9-11H,1,5-6H2,2-3H3/t9-,10+/m1/s1"
398,"C3H7NO2","InChI=1S/C3H7NO2/c1-3(2)4(5)6/h3H,1-2H3"
7903,"C3H7NO2","InChI=1S/C3H7NO2/c1-2-3-4(5)6/h2-3H2,1H3"
11126,"C5H6S","InChI=1S/C5H6S/c1-5-3-2-4-6-5/h2-4H,1H3"
249266,"C12H9Cl","InChI=1S/C12H9Cl/c13-12-9-5-4-8-11(12)10-6-2-1-3-7-10/h1-9H"
11000,"C7H8","InChI=1S/C7H8/c1-2-4-6-7-5-3-1/h1-6H,7H2"
8007,"C4H11N","InChI=1S/C4H11N/c1-2-3-4-5/h2-5H2,1H3"
3031,"C7H3Cl2N","InChI=1S/C7H3Cl2N/c8-6-2-1-3-7(9)5(6)4-10/h1-3H"
138747,"C4H8N2O6","InChI=1S/C4H8N2O6/c1-4(12-6(9)10)2-3-11-5(7)8/h4H,2-3H2,1H3"
15413,"C5H12O","InChI=1S/C5H12O/c1-5(2,3)6-4/h1-4H3"
18636,"C12Cl8O2","InChI=1S/C12Cl8O2/c13-1-2(14)6(18)10-9(5(1)17)21-11-7(19)3(15)4(16)8(20)12(11)22-10"
6405,"C5H12O","InChI=1S/C5H12O/c1-4-5(2,3)6/h6H,4H2,1-3H3"
11507,"C7H16","InChI=1S/C7H16/c1-4-6-7(3)5-2/h7H,4-6H2,1-3H3"
643820,"C10H18O","InChI=1S/C10H18O/c1-9(2)5-4-6-10(3)7-8-11/h5,7,11H,4,6,8H2,1-3H3/b10-7-"
638186,"C2H2Cl2","InChI=1S/C2H2Cl2/c3-1-2-4/h1-2H/b2-1+"
12160,"C9H12","InChI=1S/C9H12/c1-3-9-6-4-8(2)5-7-9/h4-7H,3H2,1-2H3"
6332,"C2H5Br","InChI=1S/C2H5Br/c1-2-3/h2H2,1H3"
12264,"C6H14S","InChI=1S/C6H14S/c1-5(2)7-6(3)4/h5-6H,1-4H3"
6993809,"C3H5F3O","InChI=1S/C3H5F3O/c1-2(7)3(4,5)6/h2,7H,1H3/t2-/m1/s1"
